,0,1,2,3,4,5,6,7,8,9,10,11,12,13,14,15,16,17,18,19,20,21,22,23,24,25,26,27,28,29,30,31,32,33
0,filename-place,filename-power,filename-spreadfactor,filename-testcount,txInfo-frequency,txInfo-dataRate-modulation,txInfo-dataRate-bandwidth,txInfo-dataRate-spreadFactor,txInfo-dataRate-bitrate,txInfo-codeRate,rxInfo-mac,rxInfo-time,rxInfo-timeSinceGPSEpoch,rxInfo-timestamp,rxInfo-rssi,rxInfo-loRaSNR,rxInfo-board,rxInfo-antenna,,,,,,,,,,,,,,,,
1,10,1,10,1,923200000,LORA,125,12,0,4/5,00800000a0000a1c,2021-10-18T07:44:40.928013Z,,3343850964,-97,-15,0,0,,,,,,,,,,,,,,,,
2,10,1,10,2,924000000,LORA,125,12,0,4/5,00800000a0000a1c,2021-10-18T07:44:48.263492Z,,3351181636,-96,-16,0,0,,,,,,,,,,,,,,,,
3,10,1,10,3,923200000,LORA,125,12,0,4/5,00800000a0000a1c,2021-10-18T07:44:55.617504Z,,3358537148,-100,-17.8,0,0,,,,,,,,,,,,,,,,
4,10,1,10,4,924200000,LORA,125,12,0,4/5,00800000a000151a,2021-10-18T07:16:13.207616Z,,1298821100,-97,8.5,0,0,,,,,,,,,,,,,,,,
5,10,1,10,5,923200000,LORA,125,12,0,4/5,00800000a0000a1c,2021-10-18T07:45:10.434627Z,,3373367036,-96,-12.2,0,0,,,,,,,,,,,,,,,,
6,10,1,7,1,924400000,LORA,125,9,0,4/5,00800000a000151a,2021-10-18T07:14:23.019608Z,,1188657484,-85,12,0,0,,,,,,,,,,,,,,,,
7,10,1,7,2,924200000,LORA,125,9,0,4/5,00800000a000151a,2021-10-18T07:14:26.110695Z,,1191749692,-84,11,0,0,,,,,,,,,,,,,,,,
8,10,1,7,3,924400000,LORA,125,9,0,4/5,00800000a000151a,2021-10-18T07:14:33.923679Z,,1199568492,-89,9.8,0,0,,,,,,,,,,,,,,,,
9,10,1,7,4,924400000,LORA,125,9,0,4/5,00800000a000151a,2021-10-18T07:14:37.930038Z,,1203569228,-90,10.5,0,0,00800000a0000a1c,2021-10-18T07:43:27.773497Z,,3270721516.0,-99.0,-10.8,0.0,0.0,,,,,,,,
10,10,1,7,5,924000000,LORA,125,9,0,4/5,00800000a000151a,2021-10-18T07:14:41.040646Z,,1206674940,-89,12,0,0,,,,,,,,,,,,,,,,
11,10,1,8,1,924600000,LORA,125,10,0,4/5,00800000a000151a,2021-10-18T07:14:45.350083Z,,1210989724,-82,7.2,0,0,,,,,,,,,,,,,,,,
12,10,1,8,2,924400000,LORA,125,10,0,4/5,00800000a000151a,2021-10-18T07:14:50.113935Z,,1215742988,-84,8,0,0,00800000a0000a1c,2021-10-18T07:43:39.945377Z,,3282895300.0,-94.0,-12.2,0.0,0.0,,,,,,,,
13,10,1,8,3,923200000,LORA,125,10,0,4/5,00800000a000151a,2021-10-18T07:14:54.595309Z,,1220237788,-83,8,0,0,00800000a0000a1c,2021-10-18T07:43:44.439123Z,,3287390116.0,-92.0,-3.8,0.0,0.0,00800000a0000ed1,2021-10-18T07:34:29.536011Z,,2309813516.0,-95.0,-15.0,0.0,0.0
14,10,1,8,4,923200000,LORA,125,10,0,4/5,00800000a000151a,2021-10-18T07:14:59.100197Z,,1224736516,-80,8.5,0,0,00800000a0000a1c,2021-10-18T07:43:48.937742Z,,3291888844.0,-94.0,-4.8,0.0,0.0,,,,,,,,
15,10,1,8,5,923800000,LORA,125,10,0,4/5,00800000a000151a,2021-10-18T07:15:05.206067Z,,1230836988,-82,11,0,0,,,,,,,,,,,,,,,,
16,10,1,9,1,923600000,LORA,125,11,0,4/5,00800000a000151a,2021-10-18T07:15:10.346508Z,,1235976716,-85,9.2,0,0,00800000a0000a1c,2021-10-18T07:44:00.18424Z,,3303129068.0,-96.0,-9.5,0.0,0.0,,,,,,,,
17,10,1,9,2,923600000,LORA,125,11,0,4/5,00800000a000151a,2021-10-18T07:15:18.714098Z,,1244344516,-84,8.8,0,0,00800000a0000a1c,2021-10-18T07:44:08.559998Z,,3311496892.0,-94.0,-11.5,0.0,0.0,,,,,,,,
18,10,1,9,3,923200000,LORA,125,11,0,4/5,00800000a000151a,2021-10-18T07:15:27.036731Z,,1252670956,-83,10,0,0,00800000a0000a1c,2021-10-18T07:44:16.887622Z,,3319823348.0,-97.0,-5.5,0.0,0.0,00800000a0000ed1,2021-10-18T07:35:01.979401Z,,2342246740.0,-95.0,-15.8,0.0,0.0
19,10,1,9,4,923600000,LORA,125,11,0,4/5,00800000a000151a,2021-10-18T07:15:32.4647Z,,1258094828,-90,9,0,0,00800000a0000a1c,2021-10-18T07:44:22.312626Z,,3325247236.0,-96.0,-10.5,0.0,0.0,,,,,,,,
20,10,1,9,5,923400000,LORA,125,11,0,4/5,00800000a000151a,2021-10-18T07:15:37.906316Z,,1263537756,-82,10,0,0,,,,,,,,,,,,,,,,
21,10,2,10,1,923200000,LORA,125,12,0,4/5,00800000a000151a,2021-10-18T07:19:17.061952Z,,1482676604,-107,9.2,0,0,00800000a0000a1c,2021-10-18T07:48:06.903005Z,,3549829508.0,-100.0,-4.5,0.0,0.0,,,,,,,,
22,10,2,10,2,924200000,LORA,125,12,0,4/5,00800000a0000a1c,2021-10-18T07:48:14.260754Z,,3557194428,-92,-16.8,0,0,,,,,,,,,,,,,,,,
23,10,2,10,3,924400000,LORA,125,12,0,4/5,00800000a0000ed1,2021-10-18T07:39:12.67002Z,,2592930844,-105,-13.8,0,0,,,,,,,,,,,,,,,,
24,10,2,10,4,923200000,LORA,125,12,0,4/5,00800000a0000a1c,2021-10-18T07:48:38.465752Z,,3581390092,-89,-8,0,0,,,,,,,,,,,,,,,,
25,10,2,10,5,923600000,LORA,125,12,0,4/5,00800000a0000ed1,2021-10-18T07:39:34.557403Z,,2614812044,-100,-13,0,0,,,,,,,,,,,,,,,,
26,10,2,7,1,923200000,LORA,125,9,0,4/5,00800000a000151a,2021-10-18T07:16:31.510195Z,,1317153860,-95,9,0,0,,,,,,,,,,,,,,,,
27,10,2,7,2,923400000,LORA,125,9,0,4/5,00800000a000151a,2021-10-18T07:16:43.962706Z,,1329595396,-85,11.5,0,0,,,,,,,,,,,,,,,,
28,10,2,7,3,923200000,LORA,125,9,0,4/5,00800000a000151a,2021-10-18T07:16:47.012434Z,,1332654516,-93,10,0,0,,,,,,,,,,,,,,,,
29,10,2,7,4,924400000,LORA,125,9,0,4/5,00800000a000151a,2021-10-18T07:16:50.103188Z,,1335747620,-95,6.2,0,0,,,,,,,,,,,,,,,,
30,10,2,7,5,923600000,LORA,125,9,0,4/5,00800000a000151a,2021-10-18T07:17:12.54814Z,,1358185228,-96,6.2,0,0,,,,,,,,,,,,,,,,
31,10,2,8,1,924200000,LORA,125,10,0,4/5,00800000a000151a,2021-10-18T07:17:21.653944Z,,1367290860,-88,9.5,0,0,,,,,,,,,,,,,,,,
32,10,2,8,2,923400000,LORA,125,10,0,4/5,00800000a0000a1c,2021-10-18T07:46:26.11975Z,,3449068916,-94,-11.5,0,0,,,,,,,,,,,,,,,,
33,10,2,8,3,924600000,LORA,125,10,0,4/5,00800000a000151a,2021-10-18T07:17:40.149069Z,,1385790612,-96,6.5,0,0,00800000a0000a1c,2021-10-18T07:46:29.988872Z,,3452943308.0,-95.0,-7.5,0.0,0.0,,,,,,,,
34,10,2,8,4,924000000,LORA,125,10,0,4/5,00800000a000151a,2021-10-18T07:17:48.912696Z,,1394546692,-88,10.5,0,0,00800000a0000a1c,2021-10-18T07:46:38.75449Z,,3461699396.0,-95.0,-12.0,0.0,0.0,,,,,,,,
35,10,2,8,5,924400000,LORA,125,10,0,4/5,00800000a000151a,2021-10-18T07:17:56.312312Z,,1401949068,-88,6,0,0,00800000a0000a1c,2021-10-18T07:46:46.149131Z,,3469101788.0,-90.0,-11.0,0.0,0.0,,,,,,,,
36,10,2,9,1,924200000,LORA,125,11,0,4/5,00800000a000151a,2021-10-18T07:18:14.449444Z,,1420075084,-100,6.2,0,0,,,,,,,,,,,,,,,,
37,10,2,9,2,923800000,LORA,125,11,0,4/5,00800000a000151a,2021-10-18T07:18:28.490025Z,,1434122948,-102,2.8,0,0,,,,,,,,,,,,,,,,
38,10,2,9,3,923200000,LORA,125,11,0,4/5,00800000a0000a1c,2021-10-18T07:47:29.150611Z,,3512092268,-93,-10,0,0,00800000a0000ed1,2021-10-18T07:38:14.23996Z,,2534515620.0,-96.0,-13.0,0.0,0.0,,,,,,,,
39,10,2,9,4,923600000,LORA,125,11,0,4/5,00800000a0000a1c,2021-10-18T07:47:34.601259Z,,3517544364,-97,-10,0,0,,,,,,,,,,,,,,,,
40,10,2,9,5,923600000,LORA,125,11,0,4/5,00800000a000151a,2021-10-18T07:19:02.859443Z,,1468492676,-89,7.5,0,0,,,,,,,,,,,,,,,,
41,11,1,10,1,924400000,LORA,125,12,0,4/5,00800000a0000a1c,2021-10-18T07:38:55.227731Z,,2998149084,-96,-9.5,0,0,,,,,,,,,,,,,,,,
42,11,1,10,2,923400000,LORA,125,12,0,4/5,00800000a000151a,2021-10-18T07:10:12.932262Z,,938547780,-107,5.5,0,0,,,,,,,,,,,,,,,,
43,11,1,10,3,923800000,LORA,125,12,0,4/5,00800000a000151a,2021-10-18T07:10:24.164966Z,,949785476,-84,16.2,0,0,00800000a0000a1c,2021-10-18T07:39:14.014985Z,,3016937196.0,-97.0,-11.5,0.0,0.0,,,,,,,,
44,11,1,10,4,924600000,LORA,125,12,0,4/5,00800000a000151a,2021-10-18T07:10:31.587931Z,,957199556,-82,6,0,0,00800000a0000a1c,2021-10-18T07:39:21.41986Z,,3024351300.0,-93.0,-12.8,0.0,0.0,,,,,,,,
45,11,1,10,5,923600000,LORA,125,12,0,4/5,00800000a000151a,2021-10-18T07:10:42.654306Z,,968262364,-101,6.5,0,0,,,,,,,,,,,,,,,,
46,11,1,7,1,924200000,LORA,125,9,0,4/5,00800000a000151a,2021-10-18T07:08:00.888974Z,,806521356,-84,10.8,0,0,00800000a0000a1c,2021-10-18T07:36:50.723482Z,,2873672748.0,-93.0,-11.8,0.0,0.0,,,,,,,,
47,11,1,7,2,923600000,LORA,125,9,0,4/5,00800000a000151a,2021-10-18T07:08:06.376049Z,,812006540,-81,8.2,0,0,,,,,,,,,,,,,,,,
48,11,1,7,3,924200000,LORA,125,9,0,4/5,00800000a000151a,2021-10-18T07:08:10.47085Z,,816100996,-81,10.5,0,0,,,,,,,,,,,,,,,,
49,11,1,7,4,923800000,LORA,125,9,0,4/5,00800000a000151a,2021-10-18T07:08:23.409286Z,,829043828,-87,11.8,0,0,,,,,,,,,,,,,,,,
50,11,1,7,5,923400000,LORA,125,9,0,4/5,00800000a0000a1c,2021-10-18T07:37:16.607426Z,,2899554484,-94,-13.5,0,0,,,,,,,,,,,,,,,,
51,11,1,8,1,924600000,LORA,125,10,0,4/5,00800000a000151a,2021-10-18T07:08:30.336048Z,,835976004,-82,8.8,0,0,00800000a0000a1c,2021-10-18T07:37:20.177352Z,,2903127468.0,-95.0,-14.5,0.0,0.0,,,,,,,,
52,11,1,8,2,924200000,LORA,125,10,0,4/5,00800000a000151a,2021-10-18T07:08:45.058686Z,,850697628,-83,11,0,0,,,,,,,,,,,,,,,,
53,11,1,8,3,923200000,LORA,125,10,0,4/5,00800000a000151a,2021-10-18T07:08:49.59002Z,,855223372,-84,10.8,0,0,00800000a0000a1c,2021-10-18T07:37:39.424612Z,,2922374876.0,-96.0,-13.5,0.0,0.0,,,,,,,,
54,11,1,8,4,924600000,LORA,125,10,0,4/5,00800000a0000a1c,2021-10-18T07:37:54.068101Z,,2937011292,-95,-15.8,0,0,,,,,,,,,,,,,,,,
55,11,1,8,5,924400000,LORA,125,10,0,4/5,00800000a000151a,2021-10-18T07:09:13.805173Z,,879437260,-78,9.2,0,0,,,,,,,,,,,,,,,,
56,11,1,9,1,924200000,LORA,125,11,0,4/5,00800000a000151a,2021-10-18T07:09:18.50111Z,,884128724,-83,11,0,0,,,,,,,,,,,,,,,,
57,11,1,9,2,923200000,LORA,125,11,0,4/5,00800000a000151a,2021-10-18T07:09:29.698368Z,,895331844,-86,10.2,0,0,00800000a0000a1c,2021-10-18T07:38:19.548348Z,,2962483436.0,-101.0,-13.8,0.0,0.0,,,,,,,,
58,11,1,9,3,923600000,LORA,125,11,0,4/5,00800000a000151a,2021-10-18T07:09:40.461927Z,,906088764,-84,8.8,0,0,00800000a0000a1c,2021-10-18T07:38:30.307738Z,,2973240380.0,-99.0,-10.8,0.0,0.0,,,,,,,,
59,11,1,9,4,923200000,LORA,125,11,0,4/5,00800000a000151a,2021-10-18T07:09:45.664732Z,,911288100,-84,10,0,0,00800000a0000a1c,2021-10-18T07:38:35.503487Z,,2978439724.0,-99.0,-10.2,0.0,0.0,,,,,,,,
60,11,1,9,5,924600000,LORA,125,11,0,4/5,00800000a0000a1c,2021-10-18T07:38:48.302975Z,,2991237572,-94,-11.5,0,0,00800000a0000ed1,2021-10-18T07:29:33.389372Z,,2013661028.0,-97.0,-13.5,0.0,0.0,,,,,,,,
61,11,2,10,1,924000000,LORA,125,12,0,4/5,00800000a000151a,2021-10-18T07:12:41.674057Z,,1087286980,-85,9.8,0,0,00800000a0000a1c,2021-10-18T07:41:31.516866Z,,3154439004.0,-95.0,-7.0,0.0,0.0,,,,,,,,
62,11,2,10,2,924600000,LORA,125,12,0,4/5,00800000a000151a,2021-10-18T07:12:52.597554Z,,1098212476,-103,6.8,0,0,00800000a0000ed1,2021-10-18T07:32:27.538124Z,,2187787948.0,-97.0,-9.5,0.0,0.0,00800000a0000a1c,2021-10-18T07:41:42.440569Z,,3165364524.0,-93.0,-11.2,0.0,0.0
63,11,2,10,3,923800000,LORA,125,12,0,4/5,00800000a000151a,2021-10-18T07:13:00.111311Z,,1105732116,-107,10.2,0,0,,,,,,,,,,,,,,,,
64,11,2,10,4,924200000,LORA,125,12,0,4/5,00800000a000151a,2021-10-18T07:13:11.030933Z,,1116639204,-84,7.8,0,0,00800000a0000a1c,2021-10-18T07:42:00.869739Z,,3183791292.0,-96.0,-11.0,0.0,0.0,,,,,,,,
65,11,2,10,5,923400000,LORA,125,12,0,4/5,00800000a000151a,2021-10-18T07:13:18.494816Z,,1124106068,-84,10.8,0,0,,,,,,,,,,,,,,,,
66,11,2,7,1,923400000,LORA,125,9,0,4/5,00800000a000151a,2021-10-18T07:10:53.936741Z,,979574684,-90,10.5,0,0,,,,,,,,,,,,,,,,
67,11,2,7,2,924600000,LORA,125,9,0,4/5,00800000a000151a,2021-10-18T07:10:57.101681Z,,982733324,-88,7.2,0,0,00800000a0000a1c,2021-10-18T07:39:46.930103Z,,3049885108.0,-93.0,-9.5,0.0,0.0,,,,,,,,
68,11,2,7,3,923200000,LORA,125,9,0,4/5,00800000a000151a,2021-10-18T07:11:04.992372Z,,990627452,-87,12,0,0,00800000a0000a1c,2021-10-18T07:39:54.824487Z,,3057779260.0,-101.0,-10.0,0.0,0.0,,,,,,,,
69,11,2,7,4,924600000,LORA,125,9,0,4/5,00800000a000151a,2021-10-18T07:11:09.99921Z,,995640844,-76,8.5,0,0,,,,,,,,,,,,,,,,
70,11,2,7,5,923200000,LORA,125,9,0,4/5,00800000a000151a,2021-10-18T07:11:16.427001Z,,1002068516,-85,11.8,0,0,,,,,,,,,,,,,,,,
71,11,2,8,1,924600000,LORA,125,10,0,4/5,00800000a000151a,2021-10-18T07:11:20.112684Z,,1005739932,-77,6,0,0,00800000a0000a1c,2021-10-18T07:40:09.944992Z,,3072891772.0,-95.0,-12.5,0.0,0.0,,,,,,,,
72,11,2,8,2,923800000,LORA,125,10,0,4/5,00800000a000151a,2021-10-18T07:11:26.811288Z,,1012444060,-78,10.8,0,0,,,,,,,,,,,,,,,,
73,11,2,8,3,924600000,LORA,125,10,0,4/5,00800000a000151a,2021-10-18T07:11:44.00756Z,,1029641100,-81,7.2,0,0,,,,,,,,,,,,,,,,
74,11,2,8,4,924000000,LORA,125,10,0,4/5,00800000a000151a,2021-10-18T07:11:56.120087Z,,1041760948,-80,10.5,0,0,00800000a0000a1c,2021-10-18T07:40:45.96161Z,,3108912876.0,-91.0,-14.5,0.0,0.0,,,,,,,,
75,11,2,8,5,923600000,LORA,125,10,0,4/5,00800000a000151a,2021-10-18T07:12:03.190328Z,,1048816580,-83,8.2,0,0,,,,,,,,,,,,,,,,
76,11,2,9,1,924000000,LORA,125,11,0,4/5,00800000a0000a1c,2021-10-18T07:40:58.362114Z,,3121305596,-96,-10.5,0,0,,,,,,,,,,,,,,,,
77,11,2,9,2,923600000,LORA,125,11,0,4/5,00800000a000151a,2021-10-18T07:12:13.572373Z,,1059198060,-77,9.5,0,0,,,,,,,,,,,,,,,,
78,11,2,9,3,924400000,LORA,125,11,0,4/5,00800000a0000a1c,2021-10-18T07:41:14.538492Z,,3137484452,-93,-10,0,0,,,,,,,,,,,,,,,,
79,11,2,9,4,923800000,LORA,125,11,0,4/5,00800000a000151a,2021-10-18T07:12:29.723812Z,,1075347436,-72,6.5,0,0,00800000a0000a1c,2021-10-18T07:41:19.560865Z,,3142499428.0,-96.0,-14.5,0.0,0.0,,,,,,,,
80,11,2,9,5,923400000,LORA,125,11,0,4/5,00800000a000151a,2021-10-18T07:12:34.72355Z,,1080348540,-85,10.2,0,0,,,,,,,,,,,,,,,,
81,29,1,10,1,924000000,LORA,125,12,0,4/5,00800000a000151a,2021-10-18T08:26:42.024489Z,,1232687588,-98,4.2,0,0,00800000a0000a1c,2021-10-18T08:55:31.881171Z,,3299849668.0,-93.0,-12.8,0.0,0.0,,,,,,,,
82,29,1,10,2,923400000,LORA,125,12,0,4/5,00800000a0000a1c,2021-10-18T08:55:49.872409Z,,3317845564,-93,-13.5,0,0,,,,,,,,,,,,,,,,
83,29,1,10,3,924400000,LORA,125,12,0,4/5,00800000a000151a,2021-10-18T08:27:07.68729Z,,1258359516,-101,-1,0,0,,,,,,,,,,,,,,,,
84,29,1,10,4,923400000,LORA,125,12,0,4/5,00800000a000151a,2021-10-18T08:27:15.083164Z,,1265747844,-93,6.2,0,0,00800000a0000a1c,2021-10-18T08:56:04.9408Z,,3332908580.0,-93.0,-8.2,0.0,0.0,,,,,,,,
85,29,1,10,5,924600000,LORA,125,12,0,4/5,00800000a0000a1c,2021-10-18T08:56:22.972169Z,,3350943932,-90,-13.2,0,0,,,,,,,,,,,,,,,,
86,29,1,7,1,923800000,LORA,125,9,0,4/5,00800000a000151a,2021-10-18T08:25:08.491481Z,,1139179548,-99,9.2,0,0,,,,,,,,,,,,,,,,
87,29,1,7,2,923400000,LORA,125,9,0,4/5,00800000a000151a,2021-10-18T08:25:11.695564Z,,1142386908,-97,10.2,0,0,,,,,,,,,,,,,,,,
88,29,1,7,3,924600000,LORA,125,9,0,4/5,00800000a000151a,2021-10-18T08:25:24.432983Z,,1155129540,-102,0.8,0,0,00800000a0000a1c,2021-10-18T08:54:14.292173Z,,3222291444.0,-93.0,-11.8,0.0,0.0,,,,,,,,
89,29,1,7,4,923600000,LORA,125,9,0,4/5,00800000a000151a,2021-10-18T08:25:28.43236Z,,1159117756,-97,5,0,0,,,,,,,,,,,,,,,,
90,29,1,7,5,923200000,LORA,125,9,0,4/5,00800000a000151a,2021-10-18T08:25:41.042982Z,,1171737796,-96,9,0,0,00800000a0000a1c,2021-10-18T08:54:30.899409Z,,3238899732.0,-97.0,-11.5,0.0,0.0,,,,,,,,
91,29,1,8,1,924600000,LORA,125,10,0,4/5,00800000a000151a,2021-10-18T08:25:45.367735Z,,1176058844,-96,6.2,0,0,00800000a0000ed1,2021-10-18T08:45:20.306675Z,,2265643468.0,-96.0,-16.2,0.0,0.0,,,,,,,,
92,29,1,8,2,923800000,LORA,125,10,0,4/5,00800000a000151a,2021-10-18T08:25:52.994598Z,,1183675092,-97,5.5,0,0,00800000a0000a1c,2021-10-18T08:54:42.840783Z,,3250837052.0,-96.0,-12.2,0.0,0.0,,,,,,,,
93,29,1,8,3,924600000,LORA,125,10,0,4/5,00800000a000151a,2021-10-18T08:25:59.26211Z,,1189953356,-102,-3.8,0,0,,,,,,,,,,,,,,,,
94,29,1,8,4,924200000,LORA,125,10,0,4/5,00800000a000151a,2021-10-18T08:26:03.027854Z,,1193708860,-105,-4.5,0,0,,,,,,,,,,,,,,,,
95,29,1,8,5,924000000,LORA,125,10,0,4/5,00800000a000151a,2021-10-18T08:26:07.271733Z,,1197959628,-98,6,0,0,,,,,,,,,,,,,,,,
96,29,1,9,1,924600000,LORA,125,11,0,4/5,00800000a000151a,2021-10-18T08:26:13.530662Z,,1204217996,-95,4,0,0,,,,,,,,,,,,,,,,
97,29,1,9,2,924000000,LORA,125,11,0,4/5,00800000a000151a,2021-10-18T08:26:18.879228Z,,1209555932,-95,7,0,0,00800000a0000a1c,2021-10-18T08:55:08.729864Z,,3276717956.0,-97.0,-15.0,0.0,0.0,00800000a0000ed1,2021-10-18T08:45:53.813312Z,,2299140628.0,-96.0,-15.5,0.0,0.0
98,29,1,9,3,923800000,LORA,125,11,0,4/5,00800000a000151a,2021-10-18T08:26:24.320913Z,,1215001332,-94,6.5,0,0,,,,,,,,,,,,,,,,
99,29,1,9,4,924600000,LORA,125,11,0,4/5,00800000a000151a,2021-10-18T08:26:30.018473Z,,1220694708,-96,3.8,0,0,00800000a0000a1c,2021-10-18T08:55:19.862407Z,,3287856756.0,-94.0,-14.5,0.0,0.0,,,,,,,,
100,29,1,9,5,924200000,LORA,125,11,0,4/5,00800000a000151a,2021-10-18T08:26:35.155481Z,,1225838420,-95,5,0,0,,,,,,,,,,,,,,,,
101,29,2,10,1,923600000,LORA,125,12,0,4/5,00800000a000151a,2021-10-18T08:29:47.817184Z,,1418474884,-92,5.5,0,0,00800000a0000a1c,2021-10-18T08:58:37.670167Z,,3485637396.0,-94.0,-11.5,0.0,0.0,,,,,,,,
102,29,2,10,2,923600000,LORA,125,12,0,4/5,00800000a0000ed1,2021-10-18T08:49:37.519377Z,,2522834980,-92,-17.5,0,0,,,,,,,,,,,,,,,,
103,29,2,10,3,924400000,LORA,125,12,0,4/5,00800000a000151a,2021-10-18T08:30:10.158308Z,,1440829940,-100,2.5,0,0,,,,,,,,,,,,,,,,
104,29,2,10,4,923400000,LORA,125,12,0,4/5,00800000a000151a,2021-10-18T08:30:17.652922Z,,1448324604,-90,8,0,0,00800000a0000a1c,2021-10-18T08:59:07.51705Z,,3515487188.0,-93.0,-9.0,0.0,0.0,00800000a0000ed1,2021-10-18T08:49:52.598817Z,,2537909820.0,-95.0,-18.0,0.0,0.0
105,29,2,10,5,923800000,LORA,125,12,0,4/5,00800000a000151a,2021-10-18T08:30:28.948679Z,,1459614564,-96,6.2,0,0,00800000a0000ed1,2021-10-18T08:50:03.87677Z,,2549199804.0,-99.0,-15.0,0.0,0.0,,,,,,,,
106,29,2,7,1,924000000,LORA,125,9,0,4/5,00800000a000151a,2021-10-18T08:27:38.213864Z,,1288907372,-108,-0.8,0,0,,,,,,,,,,,,,,,,
107,29,2,7,2,923400000,LORA,125,9,0,4/5,00800000a000151a,2021-10-18T08:27:41.386898Z,,1292075460,-94,8.8,0,0,00800000a0000a1c,2021-10-18T08:56:31.234792Z,,3359237676.0,-95.0,-9.0,0.0,0.0,,,,,,,,
108,29,2,7,3,924600000,LORA,125,9,0,4/5,00800000a000151a,2021-10-18T08:27:52.527179Z,,1303217860,-99,0.2,0,0,00800000a0000a1c,2021-10-18T08:56:42.387359Z,,3370380108.0,-95.0,-11.8,0.0,0.0,,,,,,,,
109,29,2,7,4,923800000,LORA,125,9,0,4/5,00800000a000151a,2021-10-18T08:27:58.016117Z,,1308704252,-99,3.5,0,0,,,,,,,,,,,,,,,,
110,29,2,7,5,923400000,LORA,125,9,0,4/5,00800000a0000a1c,2021-10-18T08:56:52.024051Z,,3380025756,-90,-10.2,0,0,,,,,,,,,,,,,,,,
111,29,2,8,1,924000000,LORA,125,10,0,4/5,00800000a000151a,2021-10-18T08:28:06.535737Z,,1317229860,-101,-3,0,0,00800000a0000a1c,2021-10-18T08:56:56.390926Z,,3384392132.0,-99.0,-14.5,0.0,0.0,,,,,,,,
112,29,2,8,2,923400000,LORA,125,10,0,4/5,00800000a000151a,2021-10-18T08:28:12.99736Z,,1323678140,-97,7,0,0,00800000a0000a1c,2021-10-18T08:57:02.845669Z,,3390840436.0,-94.0,-8.8,0.0,0.0,,,,,,,,
113,29,2,8,3,923400000,LORA,125,10,0,4/5,00800000a000151a,2021-10-18T08:28:24.322724Z,,1335007996,-89,7.5,0,0,00800000a0000a1c,2021-10-18T08:57:14.168293Z,,3402170316.0,-93.0,-12.5,0.0,0.0,,,,,,,,
114,29,2,8,4,923400000,LORA,125,10,0,4/5,00800000a0000a1c,2021-10-18T08:57:26.52493Z,,3414524268,-94,-14.2,0,0,,,,,,,,,,,,,,,,
115,29,2,8,5,924600000,LORA,125,10,0,4/5,00800000a000151a,2021-10-18T08:28:40.641115Z,,1351333580,-101,-6.2,0,0,,,,,,,,,,,,,,,,
116,29,2,9,1,923800000,LORA,125,11,0,4/5,00800000a000151a,2021-10-18T08:28:59.149364Z,,1369827796,-99,8,0,0,00800000a0000ed1,2021-10-18T08:48:34.08368Z,,2459412836.0,-105.0,-13.0,0.0,0.0,,,,,,,,
117,29,2,9,2,923600000,LORA,125,11,0,4/5,00800000a000151a,2021-10-18T08:29:04.854361Z,,1375535900,-91,8,0,0,00800000a0000a1c,2021-10-18T08:57:54.719007Z,,3442698308.0,-96.0,-10.0,0.0,0.0,,,,,,,,
118,29,2,9,3,924400000,LORA,125,11,0,4/5,00800000a000151a,2021-10-18T08:29:12.681477Z,,1383362860,-100,-3.2,0,0,,,,,,,,,,,,,,,,
119,29,2,9,4,923800000,LORA,125,11,0,4/5,00800000a000151a,2021-10-18T08:29:26.77415Z,,1397448644,-96,5.5,0,0,00800000a0000a1c,2021-10-18T08:58:16.623128Z,,3464611100.0,-97.0,-15.2,0.0,0.0,,,,,,,,
120,29,2,9,5,923400000,LORA,125,11,0,4/5,00800000a000151a,2021-10-18T08:29:31.885811Z,,1402560900,-91,8.2,0,0,00800000a0000a1c,2021-10-18T08:58:21.736801Z,,3469723372.0,-93.0,-9.2,0.0,0.0,,,,,,,,
121,2,1,10,1,923800000,LORA,125,12,0,4/5,00800000a000151a,2021-10-18T08:04:22.86222Z,,4188482548,-93,9.8,0,0,00800000a00006d4,2021-10-18T08:32:17.151751Z,,2357188940.0,-108.0,-15.2,0.0,0.0,,,,,,,,
122,2,1,10,2,923800000,LORA,125,12,0,4/5,00800000a000151a,2021-10-18T08:04:37.423679Z,,4203051524,-99,9.5,0,0,00800000a0000a1c,2021-10-18T08:33:27.264919Z,,1975243276.0,-97.0,-15.5,0.0,0.0,,,,,,,,
123,2,1,10,3,924400000,LORA,125,12,0,4/5,00800000a000151a,2021-10-18T08:04:44.941122Z,,4210573636,-97,9.5,0,0,00800000a00006d4,2021-10-18T08:32:39.240689Z,,2379280060.0,-106.0,-10.5,0.0,0.0,,,,,,,,
124,2,1,10,4,924400000,LORA,125,12,0,4/5,00800000a000151a,2021-10-18T08:04:59.435053Z,,4225066412,-95,7.8,0,0,00800000a00006d4,2021-10-18T08:32:53.718731Z,,2393772860.0,-108.0,-7.5,0.0,0.0,,,,,,,,
125,2,1,10,5,923600000,LORA,125,12,0,4/5,00800000a000151a,2021-10-18T08:05:20.918499Z,,4246550052,-95,8.5,0,0,00800000a0000a1c,2021-10-18T08:34:10.769695Z,,2018741908.0,-97.0,-16.8,0.0,0.0,,,,,,,,
126,2,1,7,1,923800000,LORA,125,9,0,4/5,00800000a000151a,2021-10-18T08:02:01.573326Z,,4047221036,-88,10,0,0,,,,,,,,,,,,,,,,
127,2,1,7,2,924200000,LORA,125,9,0,4/5,00800000a000151a,2021-10-18T08:02:09.370744Z,,4055017940,-89,12.2,0,0,,,,,,,,,,,,,,,,
128,2,1,7,3,923200000,LORA,125,9,0,4/5,00800000a000151a,2021-10-18T08:02:13.374677Z,,4059028012,-89,5.2,0,0,,,,,,,,,,,,,,,,
129,2,1,7,4,923800000,LORA,125,9,0,4/5,00800000a000151a,2021-10-18T08:02:22.166301Z,,4067811700,-93,8.2,0,0,00800000a00006d4,2021-10-18T08:30:16.434554Z,,2236517908.0,-109.0,-10.8,0.0,0.0,,,,,,,,
130,2,1,7,5,924000000,LORA,125,9,0,4/5,00800000a000151a,2021-10-18T08:02:58.097593Z,,4103754892,-87,11.2,0,0,00800000a00006d4,2021-10-18T08:30:52.377604Z,,2272461156.0,-109.0,-12.5,0.0,0.0,,,,,,,,
131,2,1,8,1,924000000,LORA,125,10,0,4/5,00800000a00006d4,2021-10-18T08:30:56.705356Z,,2276778764,-109,-12.5,0,0,,,,,,,,,,,,,,,,
132,2,1,8,2,924600000,LORA,125,10,0,4/5,00800000a00006d4,2021-10-18T08:31:01.191501Z,,2281255076,-111,-15,0,0,,,,,,,,,,,,,,,,
133,2,1,8,3,923800000,LORA,125,10,0,4/5,00800000a000151a,2021-10-18T08:03:13.129244Z,,4118776404,-87,8,0,0,00800000a00006d4,2021-10-18T08:31:07.405856Z,,2287482684.0,-109.0,-8.8,0.0,0.0,,,,,,,,
134,2,1,8,4,924600000,LORA,125,10,0,4/5,00800000a000151a,2021-10-18T08:03:20.225929Z,,4125870956,-84,7.2,0,0,,,,,,,,,,,,,,,,
135,2,1,8,5,924600000,LORA,125,10,0,4/5,00800000a0000a1c,2021-10-18T08:32:19.673607Z,,1907661796,-97,-13,0,0,,,,,,,,,,,,,,,,
136,2,1,9,1,924200000,LORA,125,11,0,4/5,00800000a00006d4,2021-10-18T08:31:29.274063Z,,2309348876,-109,-7.8,0,0,,,,,,,,,,,,,,,,
137,2,1,9,2,924000000,LORA,125,11,0,4/5,00800000a000151a,2021-10-18T08:03:39.99951Z,,4145644788,-85,9.5,0,0,00800000a00006d4,2021-10-18T08:31:34.277601Z,,2314351116.0,-107.0,-13.8,0.0,0.0,,,,,,,,
138,2,1,9,3,923600000,LORA,125,11,0,4/5,00800000a00006d4,2021-10-18T08:31:45.455978Z,,2325517140,-106,-12.2,0,0,,,,,,,,,,,,,,,,
139,2,1,9,4,923200000,LORA,125,11,0,4/5,00800000a000151a,2021-10-18T08:03:56.329172Z,,4161974316,-83,7.2,0,0,00800000a00006d4,2021-10-18T08:31:50.615741Z,,2330680660.0,-111.0,-12.5,0.0,0.0,,,,,,,,
140,2,1,9,5,924200000,LORA,125,11,0,4/5,00800000a000151a,2021-10-18T08:04:07.268989Z,,4172912804,-81,9.5,0,0,,,,,,,,,,,,,,,,
141,2,2,10,1,923600000,LORA,125,12,0,4/5,00800000a00006d4,2021-10-18T08:35:13.465932Z,,2533518964,-107,-12.2,0,0,,,,,,,,,,,,,,,,
142,2,2,10,2,924000000,LORA,125,12,0,4/5,00800000a000151a,2021-10-18T08:07:30.03606Z,,80699996,-85,8.8,0,0,,,,,,,,,,,,,,,,
143,2,2,10,3,924200000,LORA,125,12,0,4/5,00800000a00006d4,2021-10-18T08:35:35.21487Z,,2555278852,-106,-10.2,0,0,,,,,,,,,,,,,,,,
144,2,2,10,4,924600000,LORA,125,12,0,4/5,00800000a000151a,2021-10-18T08:07:53.076189Z,,103736188,-86,6.5,0,0,,,,,,,,,,,,,,,,
145,2,2,10,5,923800000,LORA,125,12,0,4/5,00800000a000151a,2021-10-18T08:08:00.540694Z,,111199884,-93,9,0,0,,,,,,,,,,,,,,,,
146,2,2,7,1,923400000,LORA,125,9,0,4/5,00800000a000151a,2021-10-18T08:05:25.052434Z,,4250702804,-83,10.5,0,0,,,,,,,,,,,,,,,,
147,2,2,7,2,924000000,LORA,125,9,0,4/5,00800000a000151a,2021-10-18T08:05:53.830191Z,,4279484020,-106,3.2,0,0,00800000a00006d4,2021-10-18T08:33:48.111117Z,,2448190540.0,-109.0,-11.5,0.0,0.0,,,,,,,,
148,2,2,7,3,924600000,LORA,125,9,0,4/5,00800000a000151a,2021-10-18T08:05:57.815927Z,,4283471188,-89,7.5,0,0,00800000a00006d4,2021-10-18T08:33:52.099857Z,,2452177716.0,-109.0,-9.5,0.0,0.0,,,,,,,,
149,2,2,7,4,924000000,LORA,125,9,0,4/5,00800000a000151a,2021-10-18T08:06:00.907938Z,,4286557564,-87,3.8,0,0,,,,,,,,,,,,,,,,
150,2,2,7,5,924000000,LORA,125,9,0,4/5,00800000a000151a,2021-10-18T08:06:11.116436Z,,1807844,-93,10.2,0,0,00800000a00006d4,2021-10-18T08:34:05.393164Z,,2465481692.0,-109.0,-10.5,0.0,0.0,,,,,,,,
151,2,2,8,1,923800000,LORA,125,10,0,4/5,00800000a00006d4,2021-10-18T08:34:09.787109Z,,2469868116,-106,-11,0,0,,,,,,,,,,,,,,,,
152,2,2,8,2,924200000,LORA,125,10,0,4/5,00800000a000151a,2021-10-18T08:06:24.322805Z,,15009828,-83,10,0,0,,,,,,,,,,,,,,,,
153,2,2,8,3,923400000,LORA,125,10,0,4/5,00800000a000151a,2021-10-18T08:06:30.615023Z,,21295732,-84,11.8,0,0,,,,,,,,,,,,,,,,
154,2,2,8,4,923200000,LORA,125,10,0,4/5,00800000a000151a,2021-10-18T08:06:34.359437Z,,25037532,-84,8.5,0,0,,,,,,,,,,,,,,,,
155,2,2,8,5,924000000,LORA,125,10,0,4/5,00800000a000151a,2021-10-18T08:06:40.591199Z,,31278740,-84,8,0,0,,,,,,,,,,,,,,,,
156,2,2,9,1,924600000,LORA,125,11,0,4/5,00800000a00006d4,2021-10-18T08:34:42.887341Z,,2502963524,-109,-8,0,0,,,,,,,,,,,,,,,,
157,2,2,9,2,924200000,LORA,125,11,0,4/5,00800000a000151a,2021-10-18T08:06:54.107829Z,,44775732,-87,11.2,0,0,,,,,,,,,,,,,,,,
158,2,2,9,3,923400000,LORA,125,11,0,4/5,00800000a0000a1c,2021-10-18T08:35:49.414747Z,,2117395516,-96,-14.5,0,0,,,,,,,,,,,,,,,,
159,2,2,9,4,924400000,LORA,125,11,0,4/5,00800000a000151a,2021-10-18T08:07:04.587057Z,,55256636,-83,9.5,0,0,00800000a00006d4,2021-10-18T08:34:58.86461Z,,2518930564.0,-109.0,-13.0,0.0,0.0,,,,,,,,
160,2,2,9,5,923600000,LORA,125,11,0,4/5,00800000a000151a,2021-10-18T08:07:12.397689Z,,63073908,-83,9.5,0,0,00800000a00006d4,2021-10-18T08:35:06.670244Z,,2526747852.0,-108.0,-11.0,0.0,0.0,,,,,,,,
161,3,1,10,1,924600000,LORA,125,12,0,4/5,00800000a000151a,2021-10-18T07:57:55.222033Z,,3800844732,-95,4,0,0,00800000a00006d4,2021-10-18T08:25:49.515734Z,,1969550532.0,-108.0,-9.0,0.0,0.0,00800000a0000a1c,2021-10-18T08:26:45.067104Z,,1573035556.0,-102.0,-14.0,0.0,0.0
162,3,1,10,2,924400000,LORA,125,12,0,4/5,00800000a00006d4,2021-10-18T08:26:04.027723Z,,1984079772,-109,-13,0,0,,,,,,,,,,,,,,,,
163,3,1,10,3,923600000,LORA,125,12,0,4/5,00800000a00006d4,2021-10-18T08:26:11.535488Z,,1991571012,-106,-12,0,0,00800000a0000a1c,2021-10-18T08:27:07.082218Z,,1595056060.0,-97.0,-16.0,0.0,0.0,,,,,,,,
164,3,1,10,4,924400000,LORA,125,12,0,4/5,00800000a000151a,2021-10-18T07:58:24.700015Z,,3830326260,-87,8.8,0,0,00800000a00006d4,2021-10-18T08:26:18.97797Z,,1999032108.0,-107.0,-12.5,0.0,0.0,00800000a0000a1c,2021-10-18T08:27:14.545038Z,,1602517156.0,-94.0,-17.2,0.0,0.0
165,3,1,10,5,923800000,LORA,125,12,0,4/5,00800000a000151a,2021-10-18T07:58:32.059216Z,,3837691868,-94,5.8,0,0,00800000a00006d4,2021-10-18T08:26:26.345592Z,,2006397732.0,-108.0,-16.2,0.0,0.0,,,,,,,,
166,3,1,7,1,924200000,LORA,125,9,0,4/5,00800000a000151a,2021-10-18T07:56:02.749862Z,,3688393324,-91,9.8,0,0,,,,,,,,,,,,,,,,
167,3,1,7,2,923400000,LORA,125,9,0,4/5,00800000a000151a,2021-10-18T07:56:06.762468Z,,3692412876,-97,8,0,0,00800000a0000a1c,2021-10-18T08:24:56.616969Z,,1464603460.0,-97.0,-11.2,0.0,0.0,,,,,,,,
168,3,1,7,3,923200000,LORA,125,9,0,4/5,00800000a000151a,2021-10-18T07:56:13.62829Z,,3699271724,-107,-0.2,0,0,00800000a00006d4,2021-10-18T08:24:07.907713Z,,1867977380.0,-109.0,-8.5,0.0,0.0,,,,,,,,
169,3,1,7,4,924000000,LORA,125,9,0,4/5,00800000a00006d4,2021-10-18T08:24:30.30735Z,,1890379500,-109,-7.8,0,0,,,,,,,,,,,,,,,,
170,3,1,7,5,923800000,LORA,125,9,0,4/5,00800000a000151a,2021-10-18T07:56:39.132158Z,,3724788508,-91,10.2,0,0,00800000a0000a1c,2021-10-18T08:25:28.988361Z,,1496979172.0,-99.0,-10.0,0.0,0.0,,,,,,,,
171,3,1,8,1,924000000,LORA,125,10,0,4/5,00800000a00006d4,2021-10-18T08:24:43.863847Z,,1903935740,-111,-12,0,0,,,,,,,,,,,,,,,,
172,3,1,8,2,923800000,LORA,125,10,0,4/5,00800000a000151a,2021-10-18T07:56:54.0537Z,,3739706372,-89,7,0,0,00800000a00006d4,2021-10-18T08:24:48.340345Z,,1908412084.0,-109.0,-8.8,0.0,0.0,,,,,,,,
173,3,1,8,3,924000000,LORA,125,10,0,4/5,00800000a0000a1c,2021-10-18T08:25:50.922176Z,,1518903508,-97,-10.8,0,0,00800000a00006d4,2021-10-18T08:24:55.342914Z,,1915418524.0,-109.0,-14.2,0.0,0.0,,,,,,,,
174,3,1,8,4,924000000,LORA,125,10,0,4/5,00800000a000151a,2021-10-18T07:57:05.53895Z,,3751183468,-93,9,0,0,00800000a00006d4,2021-10-18T08:24:59.814712Z,,1919889196.0,-108.0,-6.8,0.0,0.0,,,,,,,,
175,3,1,8,5,923400000,LORA,125,10,0,4/5,00800000a00006d4,2021-10-18T08:25:13.817117Z,,1933890924,-107,-9.5,0,0,,,,,,,,,,,,,,,,
176,3,1,9,1,924600000,LORA,125,11,0,4/5,00800000a000151a,2021-10-18T07:57:24.237169Z,,3769876972,-103,7.2,0,0,,,,,,,,,,,,,,,,
177,3,1,9,2,923800000,LORA,125,11,0,4/5,00800000a000151a,2021-10-18T07:57:32.535039Z,,3778169836,-95,10,0,0,,,,,,,,,,,,,,,,
178,3,1,9,3,924600000,LORA,125,11,0,4/5,00800000a0000a1c,2021-10-18T08:26:27.847721Z,,1555836460,-97,-12,0,0,00800000a00006d4,2021-10-18T08:25:32.290321Z,,1952351452.0,-108.0,-12.8,0.0,0.0,,,,,,,,
179,3,1,9,4,924400000,LORA,125,11,0,4/5,00800000a00006d4,2021-10-18T08:25:37.767956Z,,1957808516,-109,-10.2,0,0,,,,,,,,,,,,,,,,
180,3,1,9,5,924000000,LORA,125,11,0,4/5,00800000a000151a,2021-10-18T07:57:48.448159Z,,3794084892,-93,8,0,0,00800000a00006d4,2021-10-18T08:25:42.719715Z,,1962790692.0,-108.0,-11.0,0.0,0.0,,,,,,,,
181,3,2,10,1,924600000,LORA,125,12,0,4/5,00800000a00006d4,2021-10-18T08:28:27.932959Z,,2127972252,-107,-11.2,0,0,,,,,,,,,,,,,,,,
182,3,2,10,2,923600000,LORA,125,12,0,4/5,00800000a000151a,2021-10-18T08:00:41.01422Z,,3966636716,-94,4.2,0,0,00800000a00006d4,2021-10-18T08:28:35.308715Z,,2135342772.0,-106.0,-9.5,0.0,0.0,,,,,,,,
183,3,2,10,3,924600000,LORA,125,12,0,4/5,00800000a000151a,2021-10-18T08:00:48.37442Z,,3974003108,-93,5.5,0,0,00800000a00006d4,2021-10-18T08:28:42.660979Z,,2142709172.0,-108.0,-10.2,0.0,0.0,,,,,,,,
184,3,2,10,4,923800000,LORA,125,12,0,4/5,00800000a000151a,2021-10-18T08:00:55.798042Z,,3981426260,-95,12.5,0,0,00800000a0000a1c,2021-10-18T08:29:45.647351Z,,1753617508.0,-99.0,-14.5,0.0,0.0,,,,,,,,
185,3,2,10,5,924600000,LORA,125,12,0,4/5,00800000a000151a,2021-10-18T08:01:03.158812Z,,3988789052,-102,2.2,0,0,00800000a00006d4,2021-10-18T08:28:57.438221Z,,2157495140.0,-107.0,-11.8,0.0,0.0,,,,,,,,
186,3,2,7,1,923600000,LORA,125,9,0,4/5,00800000a000151a,2021-10-18T07:58:50.309877Z,,3855966388,-96,1.8,0,0,,,,,,,,,,,,,,,,
187,3,2,7,2,924200000,LORA,125,9,0,4/5,00800000a000151a,2021-10-18T07:58:55.770416Z,,3861424940,-95,9.2,0,0,,,,,,,,,,,,,,,,
188,3,2,7,3,924000000,LORA,125,9,0,4/5,00800000a000151a,2021-10-18T07:58:58.839162Z,,3864492700,-95,8.8,0,0,,,,,,,,,,,,,,,,
189,3,2,7,4,924200000,LORA,125,9,0,4/5,00800000a000151a,2021-10-18T07:59:06.683037Z,,3872334044,-96,7.2,0,0,,,,,,,,,,,,,,,,
190,3,2,7,5,923800000,LORA,125,9,0,4/5,00800000a000151a,2021-10-18T07:59:09.753665Z,,3875401764,-102,5.2,0,0,,,,,,,,,,,,,,,,
191,3,2,8,1,924000000,LORA,125,10,0,4/5,00800000a000151a,2021-10-18T07:59:20.4403Z,,3886084484,-93,9.2,0,0,,,,,,,,,,,,,,,,
192,3,2,8,2,923600000,LORA,125,10,0,4/5,00800000a000151a,2021-10-18T07:59:29.992798Z,,3895641892,-86,6.5,0,0,,,,,,,,,,,,,,,,
193,3,2,8,3,923400000,LORA,125,10,0,4/5,00800000a000151a,2021-10-18T07:59:34.537671Z,,3900188652,-88,4.2,0,0,,,,,,,,,,,,,,,,
194,3,2,8,4,923600000,LORA,125,10,0,4/5,00800000a000151a,2021-10-18T07:59:45.984971Z,,3911641372,-102,3.8,0,0,00800000a00006d4,2021-10-18T08:27:40.279978Z,,2080347340.0,-109.0,-12.8,0.0,0.0,,,,,,,,
195,3,2,8,5,923800000,LORA,125,10,0,4/5,00800000a000151a,2021-10-18T07:59:53.086788Z,,3918740292,-91,8,0,0,00800000a00006d4,2021-10-18T08:27:47.367725Z,,2087446276.0,-107.0,-12.5,0.0,0.0,,,,,,,,
196,3,2,9,1,923400000,LORA,125,11,0,4/5,00800000a00006d4,2021-10-18T08:27:52.615594Z,,2092668500,-108,-12,0,0,,,,,,,,,,,,,,,,
197,3,2,9,2,923200000,LORA,125,11,0,4/5,00800000a000151a,2021-10-18T08:00:03.366296Z,,3929004732,-96,6.8,0,0,00800000a00006d4,2021-10-18T08:27:57.647207Z,,2097710724.0,-111.0,-10.8,0.0,0.0,,,,,,,,
198,3,2,9,3,924000000,LORA,125,11,0,4/5,00800000a000151a,2021-10-18T08:00:11.188846Z,,3936834100,-93,8.2,0,0,00800000a00006d4,2021-10-18T08:28:05.467855Z,,2105540108.0,-109.0,-11.8,0.0,0.0,,,,,,,,
199,3,2,9,4,923200000,LORA,125,11,0,4/5,00800000a000151a,2021-10-18T08:00:19.040167Z,,3944685092,-82,-1.5,0,0,00800000a00006d4,2021-10-18T08:28:13.325296Z,,2113391108.0,-109.0,-11.0,0.0,0.0,,,,,,,,
200,3,2,9,5,923800000,LORA,125,11,0,4/5,00800000a000151a,2021-10-18T08:00:26.871541Z,,3952510868,-98,3.5,0,0,00800000a00006d4,2021-10-18T08:28:21.155973Z,,2121216900.0,-108.0,-15.0,0.0,0.0,,,,,,,,
201,4,1,10,1,924000000,LORA,125,12,0,4/5,00800000a000151a,2021-10-18T07:50:39.608023Z,,3365227588,-83,8.2,0,0,00800000a00006d4,2021-10-18T08:18:33.899956Z,,1533932756.0,-107.0,-13.2,0.0,0.0,00800000a0000a1c,2021-10-18T08:19:29.463603Z,,1137417436.0,-96.0,-17.0,0.0,0.0
202,4,1,10,2,924000000,LORA,125,12,0,4/5,00800000a000151a,2021-10-18T07:51:08.479447Z,,3394105380,-87,8.2,0,0,,,,,,,,,,,,,,,,
203,4,1,10,3,924000000,LORA,125,12,0,4/5,00800000a000151a,2021-10-18T07:51:22.867902Z,,3408490772,-87,7.5,0,0,,,,,,,,,,,,,,,,
204,4,1,10,4,924600000,LORA,125,12,0,4/5,00800000a000151a,2021-10-18T07:51:46.943655Z,,3432565860,-90,7,0,0,,,,,,,,,,,,,,,,
205,4,1,10,5,923800000,LORA,125,12,0,4/5,00800000a00006d4,2021-10-18T08:19:48.691836Z,,1608733364,-108,-17.2,0,0,,,,,,,,,,,,,,,,
206,4,1,7,1,924000000,LORA,125,9,0,4/5,00800000a000151a,2021-10-18T07:48:28.968437Z,,3234620516,-96,8.8,0,0,,,,,,,,,,,,,,,,
207,4,1,7,2,923800000,LORA,125,9,0,4/5,00800000a0000a1c,2021-10-18T08:17:22.812315Z,,1010800564,-97,-10.2,0,0,,,,,,,,,,,,,,,,
208,4,1,7,3,923400000,LORA,125,9,0,4/5,00800000a000151a,2021-10-18T07:48:36.031145Z,,3241674628,-90,-5.5,0,0,,,,,,,,,,,,,,,,
209,4,1,7,4,923800000,LORA,125,9,0,4/5,00800000a000151a,2021-10-18T07:48:54.611389Z,,3260264092,-91,11.2,0,0,,,,,,,,,,,,,,,,
210,4,1,7,5,924400000,LORA,125,9,0,4/5,00800000a000151a,2021-10-18T07:49:09.279848Z,,3274929540,-97,5,0,0,,,,,,,,,,,,,,,,
211,4,1,8,1,923200000,LORA,125,10,0,4/5,00800000a000151a,2021-10-18T07:49:17.581393Z,,3283227652,-88,9,0,0,00800000a00006d4,2021-10-18T08:17:11.862585Z,,1451932700.0,-109.0,-13.8,0.0,0.0,,,,,,,,
212,4,1,8,2,923200000,LORA,125,10,0,4/5,00800000a000151a,2021-10-18T07:49:24.70409Z,,3290348172,-83,7,0,0,00800000a00006d4,2021-10-18T08:17:18.993196Z,,1459053228.0,-109.0,-12.2,0.0,0.0,,,,,,,,
213,4,1,8,3,924200000,LORA,125,10,0,4/5,00800000a000151a,2021-10-18T07:49:28.411893Z,,3294059412,-88,10,0,0,00800000a00006d4,2021-10-18T08:17:22.697031Z,,1462764484.0,-106.0,-12.0,0.0,0.0,,,,,,,,
214,4,1,8,4,923800000,LORA,125,10,0,4/5,00800000a000151a,2021-10-18T07:49:32.117771Z,,3297765804,-92,9.2,0,0,00800000a00006d4,2021-10-18T08:17:26.403767Z,,1466470876.0,-109.0,-14.0,0.0,0.0,,,,,,,,
215,4,1,8,5,924400000,LORA,125,10,0,4/5,00800000a000151a,2021-10-18T07:49:37.765519Z,,3303417204,-89,10,0,0,,,,,,,,,,,,,,,,
216,4,1,9,1,923800000,LORA,125,11,0,4/5,00800000a000151a,2021-10-18T07:49:44.969134Z,,3310603436,-86,11.2,0,0,,,,,,,,,,,,,,,,
217,4,1,9,2,924200000,LORA,125,11,0,4/5,00800000a000151a,2021-10-18T07:50:07.585664Z,,3333221380,-88,9.2,0,0,,,,,,,,,,,,,,,,
218,4,1,9,3,924600000,LORA,125,11,0,4/5,00800000a000151a,2021-10-18T07:50:15.916495Z,,3341558676,-87,8.2,0,0,,,,,,,,,,,,,,,,
219,4,1,9,4,924200000,LORA,125,11,0,4/5,00800000a000151a,2021-10-18T07:50:21.60845Z,,3347244700,-90,11.2,0,0,,,,,,,,,,,,,,,,
220,4,1,9,5,924400000,LORA,125,11,0,4/5,00800000a000151a,2021-10-18T07:50:29.923463Z,,3355568276,-88,8.5,0,0,,,,,,,,,,,,,,,,
221,4,2,10,1,923800000,LORA,125,12,0,4/5,00800000a000151a,2021-10-18T07:54:13.837654Z,,3579468404,-90,7.5,0,0,00800000a00006d4,2021-10-18T08:22:08.133214Z,,1748173892.0,-111.0,-16.2,0.0,0.0,,,,,,,,
222,4,2,10,2,923600000,LORA,125,12,0,4/5,00800000a000151a,2021-10-18T07:54:28.286845Z,,3593907332,-119,5,0,0,,,,,,,,,,,,,,,,
223,4,2,10,3,923800000,LORA,125,12,0,4/5,00800000a0000a1c,2021-10-18T08:23:32.538212Z,,1380509940,-97,-12.5,0,0,,,,,,,,,,,,,,,,
224,4,2,10,4,923600000,LORA,125,12,0,4/5,00800000a00006d4,2021-10-18T08:22:51.427087Z,,1791479436,-108,-14,0,0,,,,,,,,,,,,,,,,
225,4,2,10,5,924600000,LORA,125,12,0,4/5,00800000a0000a1c,2021-10-18T08:23:54.498336Z,,1402470588,-99,-17.5,0,0,00800000a0000ed1,2021-10-18T08:14:39.59036Z,,424893556.0,-99.0,-18.8,0.0,0.0,,,,,,,,
226,4,2,7,1,924400000,LORA,125,9,0,4/5,00800000a000151a,2021-10-18T07:51:58.516408Z,,3444167036,-101,8,0,0,,,,,,,,,,,,,,,,
227,4,2,7,2,924600000,LORA,125,9,0,4/5,00800000a00006d4,2021-10-18T08:20:06.078074Z,,1626147356,-109,-12.5,0,0,,,,,,,,,,,,,,,,
228,4,2,7,3,923400000,LORA,125,9,0,4/5,00800000a000151a,2021-10-18T07:52:19.63853Z,,3465286356,-93,11,0,0,00800000a00006d4,2021-10-18T08:20:13.914958Z,,1633991668.0,-109.0,-12.8,0.0,0.0,,,,,,,,
229,4,2,7,4,924200000,LORA,125,9,0,4/5,00800000a000151a,2021-10-18T07:52:25.083152Z,,3470728916,-95,9.5,0,0,,,,,,,,,,,,,,,,
230,4,2,7,5,924000000,LORA,125,9,0,4/5,00800000a000151a,2021-10-18T07:52:33.827778Z,,3479474180,-96,9.5,0,0,,,,,,,,,,,,,,,,
231,4,2,8,1,923600000,LORA,125,10,0,4/5,00800000a000151a,2021-10-18T07:52:37.408898Z,,3483053172,-93,6.2,0,0,,,,,,,,,,,,,,,,
232,4,2,8,2,923200000,LORA,125,10,0,4/5,00800000a000151a,2021-10-18T07:53:01.417654Z,,3507067444,-90,11.8,0,0,,,,,,,,,,,,,,,,
233,4,2,8,3,923200000,LORA,125,10,0,4/5,00800000a000151a,2021-10-18T07:53:07.016328Z,,3512667860,-88,-0.5,0,0,,,,,,,,,,,,,,,,
234,4,2,8,4,923800000,LORA,125,10,0,4/5,00800000a000151a,2021-10-18T07:53:13.30816Z,,3518958452,-96,8,0,0,,,,,,,,,,,,,,,,
235,4,2,8,5,924200000,LORA,125,10,0,4/5,00800000a000151a,2021-10-18T07:53:20.327778Z,,3525977092,-87,10,0,0,00800000a00006d4,2021-10-18T08:21:14.648459Z,,1694682500.0,-108.0,-13.5,0.0,0.0,,,,,,,,
236,4,2,9,1,924200000,LORA,125,11,0,4/5,00800000a00006d4,2021-10-18T08:21:26.886079Z,,1706942860,-109,-11.8,0,0,,,,,,,,,,,,,,,,
237,4,2,9,2,923600000,LORA,125,11,0,4/5,00800000a000151a,2021-10-18T07:53:37.551947Z,,3543188196,-93,6.8,0,0,,,,,,,,,,,,,,,,
238,4,2,9,3,923600000,LORA,125,11,0,4/5,00800000a000151a,2021-10-18T07:53:56.649276Z,,3562285356,-81,10,0,0,,,,,,,,,,,,,,,,
239,4,2,9,4,923400000,LORA,125,11,0,4/5,00800000a00006d4,2021-10-18T08:21:56.388714Z,,1736451004,-106,-12.2,0,0,,,,,,,,,,,,,,,,
240,4,2,9,5,923200000,LORA,125,11,0,4/5,00800000a000151a,2021-10-18T07:54:07.072778Z,,3572709548,-83,8.5,0,0,,,,,,,,,,,,,,,,
241,6,1,10,1,924200000,LORA,125,12,0,4/5,00800000a000151a,2021-10-18T07:34:24.52124Z,,2390147692,-97,8.5,0,0,,,,,,,,,,,,,,,,
242,6,1,10,2,923600000,LORA,125,12,0,4/5,00800000a000151a,2021-10-18T07:34:31.993082Z,,2397615356,-87,7.2,0,0,,,,,,,,,,,,,,,,
243,6,1,10,3,924200000,LORA,125,12,0,4/5,00800000a000151a,2021-10-18T07:34:39.471369Z,,2405092812,-83,10,0,0,,,,,,,,,,,,,,,,
244,6,1,10,4,923400000,LORA,125,12,0,4/5,00800000a000151a,2021-10-18T07:34:46.828236Z,,2412451020,-83,8,0,0,,,,,,,,,,,,,,,,
245,6,1,10,5,924000000,LORA,125,12,0,4/5,00800000a000151a,2021-10-18T07:34:57.703136Z,,2423324444,-86,8.8,0,0,,,,,,,,,,,,,,,,
246,6,1,7,1,923600000,LORA,125,9,0,4/5,00800000a000151a,2021-10-18T07:32:26.390514Z,,2272035524,-93,8.5,0,0,,,,,,,,,,,,,,,,
247,6,1,7,2,923800000,LORA,125,9,0,4/5,00800000a000151a,2021-10-18T07:32:34.240988Z,,2279889436,-89,10.2,0,0,,,,,,,,,,,,,,,,
248,6,1,7,3,923800000,LORA,125,9,0,4/5,00800000a000151a,2021-10-18T07:32:42.991612Z,,2288634980,-91,9.5,0,0,,,,,,,,,,,,,,,,
249,6,1,7,4,923400000,LORA,125,9,0,4/5,00800000a000151a,2021-10-18T07:32:46.094485Z,,2291731660,-89,10.5,0,0,,,,,,,,,,,,,,,,
250,6,1,7,5,923600000,LORA,125,9,0,4/5,00800000a000151a,2021-10-18T07:32:57.213974Z,,2302853348,-89,8.5,0,0,,,,,,,,,,,,,,,,
251,6,1,8,1,923800000,LORA,125,10,0,4/5,00800000a000151a,2021-10-18T07:33:03.898777Z,,2309542964,-89,9.8,0,0,,,,,,,,,,,,,,,,
252,6,1,8,2,923400000,LORA,125,10,0,4/5,00800000a000151a,2021-10-18T07:33:28.885545Z,,2334515516,-88,8.2,0,0,,,,,,,,,,,,,,,,
253,6,1,8,3,923200000,LORA,125,10,0,4/5,00800000a000151a,2021-10-18T07:33:32.596476Z,,2338235412,-90,8,0,0,,,,,,,,,,,,,,,,
254,6,1,8,4,924200000,LORA,125,10,0,4/5,00800000a000151a,2021-10-18T07:33:36.320734Z,,2341956268,-93,8,0,0,,,,,,,,,,,,,,,,
255,6,1,8,5,924600000,LORA,125,10,0,4/5,00800000a000151a,2021-10-18T07:33:43.582983Z,,2349218532,-94,5,0,0,,,,,,,,,,,,,,,,
256,6,1,9,1,924000000,LORA,125,11,0,4/5,00800000a000151a,2021-10-18T07:33:48.22085Z,,2353858908,-94,9,0,0,,,,,,,,,,,,,,,,
257,6,1,9,2,923800000,LORA,125,11,0,4/5,00800000a000151a,2021-10-18T07:33:55.149843Z,,2360783028,-101,7,0,0,00800000a0000ed1,2021-10-18T07:53:30.0853Z,,3450361100.0,-96.0,-17.2,0.0,0.0,,,,,,,,
258,6,1,9,3,923600000,LORA,125,11,0,4/5,00800000a000151a,2021-10-18T07:34:01.538344Z,,2367172644,-91,7.2,0,0,,,,,,,,,,,,,,,,
259,6,1,9,4,924200000,LORA,125,11,0,4/5,00800000a000151a,2021-10-18T07:34:09.365003Z,,2374998052,-86,10.2,0,0,,,,,,,,,,,,,,,,
260,6,1,9,5,924400000,LORA,125,11,0,4/5,00800000a000151a,2021-10-18T07:34:17.676482Z,,2383306740,-81,9.5,0,0,,,,,,,,,,,,,,,,
261,6,2,10,1,924200000,LORA,125,12,0,4/5,00800000a000151a,2021-10-18T07:36:44.007111Z,,2529632468,-83,7.5,0,0,,,,,,,,,,,,,,,,
262,6,2,10,2,923200000,LORA,125,12,0,4/5,00800000a000151a,2021-10-18T07:36:51.47111Z,,2537084812,-84,11.2,0,0,00800000a0000a1c,2021-10-18T08:05:41.315423Z,,309272796.0,-101.0,-15.2,0.0,0.0,,,,,,,,
263,6,2,10,3,923600000,LORA,125,12,0,4/5,00800000a000151a,2021-10-18T07:37:02.489862Z,,2548115172,-97,8.2,0,0,,,,,,,,,,,,,,,,
264,6,2,10,4,924000000,LORA,125,12,0,4/5,00800000a000151a,2021-10-18T07:37:13.467368Z,,2559087308,-84,8.8,0,0,,,,,,,,,,,,,,,,
265,6,2,10,5,923600000,LORA,125,12,0,4/5,00800000a0000ed1,2021-10-18T07:57:06.412063Z,,3666680244,-94,-17.2,0,0,,,,,,,,,,,,,,,,
266,6,2,7,1,924600000,LORA,125,9,0,4/5,00800000a000151a,2021-10-18T07:35:01.820668Z,,2427462444,-87,7.5,0,0,,,,,,,,,,,,,,,,
267,6,2,7,2,923600000,LORA,125,9,0,4/5,00800000a000151a,2021-10-18T07:35:16.760225Z,,2442407140,-96,6.5,0,0,,,,,,,,,,,,,,,,
268,6,2,7,3,923400000,LORA,125,9,0,4/5,00800000a000151a,2021-10-18T07:35:19.8258Z,,2445472124,-101,8,0,0,,,,,,,,,,,,,,,,
269,6,2,7,4,924600000,LORA,125,9,0,4/5,00800000a000151a,2021-10-18T07:35:23.824467Z,,2449472140,-88,7.5,0,0,,,,,,,,,,,,,,,,
270,6,2,7,5,924400000,LORA,125,9,0,4/5,00800000a000151a,2021-10-18T07:35:26.908429Z,,2452546372,-97,8.8,0,0,,,,,,,,,,,,,,,,
271,6,2,8,1,923200000,LORA,125,10,0,4/5,00800000a000151a,2021-10-18T07:35:31.253361Z,,2456887428,-86,8.8,0,0,,,,,,,,,,,,,,,,
272,6,2,8,2,924600000,LORA,125,10,0,4/5,00800000a000151a,2021-10-18T07:35:34.976115Z,,2460610908,-84,6.8,0,0,,,,,,,,,,,,,,,,
273,6,2,8,3,924400000,LORA,125,10,0,4/5,00800000a000151a,2021-10-18T07:35:39.456712Z,,2465102716,-85,8.8,0,0,,,,,,,,,,,,,,,,
274,6,2,8,4,924400000,LORA,125,10,0,4/5,00800000a000151a,2021-10-18T07:35:46.458099Z,,2472104244,-89,10.8,0,0,,,,,,,,,,,,,,,,
275,6,2,8,5,923800000,LORA,125,10,0,4/5,00800000a000151a,2021-10-18T07:35:53.51336Z,,2479150052,-90,11.5,0,0,00800000a0000ed1,2021-10-18T07:55:28.447438Z,,3568728364.0,-100.0,-12.5,0.0,0.0,,,,,,,,
276,6,2,9,1,924400000,LORA,125,11,0,4/5,00800000a000151a,2021-10-18T07:35:58.667476Z,,2484301972,-87,10.5,0,0,,,,,,,,,,,,,,,,
277,6,2,9,2,923600000,LORA,125,11,0,4/5,00800000a000151a,2021-10-18T07:36:09.870618Z,,2495499196,-89,9.2,0,0,00800000a0000a1c,2021-10-18T08:04:59.711924Z,,267687076.0,-97.0,-15.0,0.0,0.0,,,,,,,,
278,6,2,9,3,924600000,LORA,125,11,0,4/5,00800000a000151a,2021-10-18T07:36:26.291114Z,,2511924396,-87,7.5,0,0,,,,,,,,,,,,,,,,
279,6,2,9,4,923600000,LORA,125,11,0,4/5,00800000a000151a,2021-10-18T07:36:31.726862Z,,2517360236,-85,9.2,0,0,,,,,,,,,,,,,,,,
280,6,2,9,5,923400000,LORA,125,11,0,4/5,00800000a000151a,2021-10-18T07:36:37.264494Z,,2522900260,-81,10.5,0,0,,,,,,,,,,,,,,,,
281,7,1,10,1,923800000,LORA,125,12,0,4/5,00800000a000151a,2021-10-18T08:18:14.358089Z,,725022748,-84,9.2,0,0,00800000a0000a1c,2021-10-18T08:47:04.20569Z,,2792183668.0,-94.0,-14.5,0.0,0.0,,,,,,,,
282,7,1,10,2,924600000,LORA,125,12,0,4/5,00800000a000151a,2021-10-18T08:18:21.720765Z,,732382028,-80,9.8,0,0,,,,,,,,,,,,,,,,
283,7,1,10,3,923800000,LORA,125,12,0,4/5,00800000a000151a,2021-10-18T08:19:11.685889Z,,782341908,-89,8,0,0,00800000a0000a1c,2021-10-18T08:48:01.531919Z,,2849502956.0,-96.0,-16.0,0.0,0.0,,,,,,,,
284,7,1,10,4,924600000,LORA,125,12,0,4/5,00800000a0000a1c,2021-10-18T08:48:08.877531Z,,2856844692,-95,-13.5,0,0,,,,,,,,,,,,,,,,
285,7,1,10,5,923600000,LORA,125,12,0,4/5,00800000a000151a,2021-10-18T08:19:40.468394Z,,811129972,-83,9.5,0,0,00800000a0000a1c,2021-10-18T08:48:30.318778Z,,2878291092.0,-96.0,-7.0,0.0,0.0,,,,,,,,
286,7,1,7,1,924000000,LORA,125,9,0,4/5,00800000a000151a,2021-10-18T08:13:18.126691Z,,428804156,-91,11,0,0,,,,,,,,,,,,,,,,
287,7,1,7,2,923600000,LORA,125,9,0,4/5,00800000a0000a1c,2021-10-18T08:42:14.343516Z,,2502341484,-94,-11.2,0,0,,,,,,,,,,,,,,,,
288,7,1,7,3,924400000,LORA,125,9,0,4/5,00800000a000151a,2021-10-18T08:13:38.156204Z,,448850500,-83,11.2,0,0,00800000a0000a1c,2021-10-18T08:42:28.009015Z,,2516010780.0,-95.0,-10.5,0.0,0.0,,,,,,,,
289,7,1,7,4,923600000,LORA,125,9,0,4/5,00800000a000151a,2021-10-18T08:13:48.137515Z,,458818724,-93,7.5,0,0,,,,,,,,,,,,,,,,
290,7,1,7,5,923800000,LORA,125,9,0,4/5,00800000a000151a,2021-10-18T08:14:03.961082Z,,474648516,-82,6.5,0,0,,,,,,,,,,,,,,,,
291,7,1,8,1,923800000,LORA,125,10,0,4/5,00800000a0000a1c,2021-10-18T08:43:08.012757Z,,2556011252,-95,-11,0,0,,,,,,,,,,,,,,,,
292,7,1,8,2,923400000,LORA,125,10,0,4/5,00800000a000151a,2021-10-18T08:14:41.67533Z,,512358124,-78,-5,0,0,00800000a0000a1c,2021-10-18T08:43:31.525643Z,,2579518556.0,-93.0,-6.8,0.0,0.0,,,,,,,,
293,7,1,8,3,924200000,LORA,125,10,0,4/5,00800000a000151a,2021-10-18T08:14:58.07558Z,,528755812,-78,12.5,0,0,00800000a0000a1c,2021-10-18T08:43:47.921928Z,,2595916284.0,-92.0,-10.5,0.0,0.0,,,,,,,,
294,7,1,8,4,924600000,LORA,125,10,0,4/5,00800000a0000a1c,2021-10-18T08:43:57.497639Z,,2605495628,-95,-14.8,0,0,,,,,,,,,,,,,,,,
295,7,1,8,5,923600000,LORA,125,10,0,4/5,00800000a0000a1c,2021-10-18T08:44:02.005764Z,,2609994004,-97,-12,0,0,,,,,,,,,,,,,,,,
296,7,1,9,1,923800000,LORA,125,11,0,4/5,00800000a000151a,2021-10-18T08:15:24.937183Z,,555612572,-73,10.8,0,0,00800000a0000ed1,2021-10-18T08:34:59.870771Z,,1645195860.0,-102.0,-16.5,0.0,0.0,,,,,,,,
297,7,1,9,2,924200000,LORA,125,11,0,4/5,00800000a0000a1c,2021-10-18T08:45:23.519447Z,,2691507308,-85,-10.8,0,0,,,,,,,,,,,,,,,,
298,7,1,9,3,924200000,LORA,125,11,0,4/5,00800000a000151a,2021-10-18T08:16:47.804761Z,,638481852,-77,11,0,0,,,,,,,,,,,,,,,,
299,7,1,9,4,923400000,LORA,125,11,0,4/5,00800000a000151a,2021-10-18T08:17:04.708015Z,,655383484,-79,10.8,0,0,,,,,,,,,,,,,,,,
300,7,1,9,5,923800000,LORA,125,11,0,4/5,00800000a000151a,2021-10-18T08:17:38.805891Z,,689479852,-83,12,0,0,00800000a0000a1c,2021-10-18T08:46:28.655021Z,,2756640692.0,-96.0,-14.0,0.0,0.0,,,,,,,,
301,7,2,10,1,924600000,LORA,125,12,0,4/5,00800000a0000a1c,2021-10-18T08:51:20.436533Z,,3048416092,-99,-10.2,0,0,,,,,,,,,,,,,,,,
302,7,2,10,2,923800000,LORA,125,12,0,4/5,00800000a000151a,2021-10-18T08:22:38.028717Z,,988696612,-72,11,0,0,00800000a0000a1c,2021-10-18T08:51:27.88903Z,,3055858140.0,-95.0,-15.8,0.0,0.0,,,,,,,,
303,7,2,10,3,924000000,LORA,125,12,0,4/5,00800000a000151a,2021-10-18T08:22:52.559087Z,,1003217180,-78,9.5,0,0,,,,,,,,,,,,,,,,
304,7,2,10,4,924600000,LORA,125,12,0,4/5,00800000a000151a,2021-10-18T08:23:00.01085Z,,1010674164,-77,8.2,0,0,,,,,,,,,,,,,,,,
305,7,2,10,5,923800000,LORA,125,12,0,4/5,00800000a0000a1c,2021-10-18T08:51:57.19382Z,,3085167604,-96,-14,0,0,,,,,,,,,,,,,,,,
306,7,2,7,1,923600000,LORA,125,9,0,4/5,00800000a000151a,2021-10-18T08:19:54.051766Z,,824739148,-91,9,0,0,,,,,,,,,,,,,,,,
307,7,2,7,2,924600000,LORA,125,9,0,4/5,00800000a000151a,2021-10-18T08:20:00.417147Z,,831100580,-79,8.8,0,0,,,,,,,,,,,,,,,,
308,7,2,7,3,923800000,LORA,125,9,0,4/5,00800000a0000a1c,2021-10-18T08:48:54.288906Z,,2902287332,-95,-9.8,0,0,,,,,,,,,,,,,,,,
309,7,2,7,4,924600000,LORA,125,9,0,4/5,00800000a000151a,2021-10-18T08:20:10.89422Z,,841581524,-73,8.8,0,0,,,,,,,,,,,,,,,,
310,7,2,7,5,923800000,LORA,125,9,0,4/5,00800000a000151a,2021-10-18T08:20:16.336101Z,,847029964,-81,11.2,0,0,,,,,,,,,,,,,,,,
311,7,2,8,1,924600000,LORA,125,10,0,4/5,00800000a000151a,2021-10-18T08:20:20.713331Z,,851401004,-76,8.8,0,0,,,,,,,,,,,,,,,,
312,7,2,8,2,923200000,LORA,125,10,0,4/5,00800000a000151a,2021-10-18T08:20:42.930636Z,,873620588,-77,12,0,0,,,,,,,,,,,,,,,,
313,7,2,8,3,923800000,LORA,125,10,0,4/5,00800000a0000a1c,2021-10-18T08:49:47.444047Z,,2955432972,-95,-13.2,0,0,,,,,,,,,,,,,,,,
314,7,2,8,4,924000000,LORA,125,10,0,4/5,00800000a000151a,2021-10-18T08:21:09.6846Z,,900377340,-88,10,0,0,00800000a0000a1c,2021-10-18T08:49:59.547218Z,,2967538652.0,-94.0,-13.5,0.0,0.0,,,,,,,,
315,7,2,8,5,924600000,LORA,125,10,0,4/5,00800000a000151a,2021-10-18T08:21:14.185344Z,,904877612,-84,7.8,0,0,00800000a0000a1c,2021-10-18T08:50:04.038647Z,,2972038940.0,-92.0,-12.8,0.0,0.0,,,,,,,,
316,7,2,9,1,924200000,LORA,125,11,0,4/5,00800000a000151a,2021-10-18T08:21:29.843721Z,,920519436,-85,10,0,0,,,,,,,,,,,,,,,,
317,7,2,9,2,923800000,LORA,125,11,0,4/5,00800000a000151a,2021-10-18T08:21:45.977971Z,,936663316,-84,11,0,0,,,,,,,,,,,,,,,,
318,7,2,9,3,924200000,LORA,125,11,0,4/5,00800000a000151a,2021-10-18T08:21:58.39472Z,,949072884,-75,12.2,0,0,00800000a0000a1c,2021-10-18T08:50:48.243535Z,,3016234308.0,-97.0,-5.5,0.0,0.0,,,,,,,,
319,7,2,9,4,923400000,LORA,125,11,0,4/5,00800000a000151a,2021-10-18T08:22:04.895117Z,,955577716,-83,9,0,0,,,,,,,,,,,,,,,,
320,7,2,9,5,923800000,LORA,125,11,0,4/5,00800000a000151a,2021-10-18T08:22:20.29373Z,,970968948,-78,13.2,0,0,00800000a0000a1c,2021-10-18T08:51:10.138657Z,,3038130428.0,-97.0,-11.5,0.0,0.0,,,,,,,,
321,8,1,10,1,923800000,LORA,125,12,0,4/5,00800000a000151a,2021-10-18T07:27:58.558085Z,,2004181580,-98,7.5,0,0,00800000a0000a1c,2021-10-18T07:56:48.406675Z,,4071335652.0,-93.0,-5.8,0.0,0.0,,,,,,,,
322,8,1,10,2,924200000,LORA,125,12,0,4/5,00800000a000151a,2021-10-18T07:28:09.453834Z,,2015074004,-83,8.2,0,0,00800000a0000a1c,2021-10-18T07:56:59.294032Z,,4082228092.0,-93.0,-9.5,0.0,0.0,,,,,,,,
323,8,1,10,3,923600000,LORA,125,12,0,4/5,00800000a000151a,2021-10-18T07:28:16.937233Z,,2022553900,-82,6.2,0,0,00800000a0000a1c,2021-10-18T07:57:06.782658Z,,4089708012.0,-95.0,-11.2,0.0,0.0,,,,,,,,
324,8,1,10,4,924200000,LORA,125,12,0,4/5,00800000a000151a,2021-10-18T07:28:24.404361Z,,2030017140,-83,9,0,0,00800000a0000a1c,2021-10-18T07:57:14.243408Z,,4097171268.0,-91.0,-13.0,0.0,0.0,,,,,,,,
325,8,1,10,5,924200000,LORA,125,12,0,4/5,00800000a000151a,2021-10-18T07:28:38.922223Z,,2044533916,-79,8,0,0,00800000a0000a1c,2021-10-18T07:57:28.75491Z,,4111688076.0,-93.0,-14.0,0.0,0.0,,,,,,,,
326,8,1,7,1,923400000,LORA,125,9,0,4/5,00800000a000151a,2021-10-18T07:26:38.838097Z,,1924478676,-95,7,0,0,,,,,,,,,,,,,,,,
327,8,1,7,2,924400000,LORA,125,9,0,4/5,00800000a000151a,2021-10-18T07:26:41.956336Z,,1927595396,-91,6.8,0,0,,,,,,,,,,,,,,,,
328,8,1,7,3,924400000,LORA,125,9,0,4/5,00800000a000151a,2021-10-18T07:26:46.038959Z,,1931677396,-89,9,0,0,,,,,,,,,,,,,,,,
329,8,1,7,4,924600000,LORA,125,9,0,4/5,00800000a000151a,2021-10-18T07:26:52.400908Z,,1938041164,-99,1.8,0,0,,,,,,,,,,,,,,,,
330,8,1,7,5,924200000,LORA,125,9,0,4/5,00800000a000151a,2021-10-18T07:26:55.510841Z,,1941150092,-102,5.8,0,0,,,,,,,,,,,,,,,,
331,8,1,8,1,923800000,LORA,125,10,0,4/5,00800000a000151a,2021-10-18T07:26:59.084528Z,,1944725740,-90,10.2,0,0,00800000a0000a1c,2021-10-18T07:55:48.927649Z,,4011879668.0,-94.0,-14.5,0.0,0.0,,,,,,,,
332,8,1,8,2,924200000,LORA,125,10,0,4/5,00800000a000151a,2021-10-18T07:27:07.874888Z,,1953518892,-87,9.2,0,0,,,,,,,,,,,,,,,,
333,8,1,8,3,923800000,LORA,125,10,0,4/5,00800000a000151a,2021-10-18T07:27:12.348093Z,,1957993444,-85,7.8,0,0,,,,,,,,,,,,,,,,
334,8,1,8,4,924000000,LORA,125,10,0,4/5,00800000a0000a1c,2021-10-18T07:56:09.280828Z,,4032228196,-95,-14,0,0,,,,,,,,,,,,,,,,
335,8,1,8,5,924000000,LORA,125,10,0,4/5,00800000a000151a,2021-10-18T07:27:23.987594Z,,1969627036,-93,6,0,0,00800000a0000a1c,2021-10-18T07:56:13.829645Z,,4036781020.0,-99.0,-6.8,0.0,0.0,,,,,,,,
336,8,1,9,1,924000000,LORA,125,11,0,4/5,00800000a000151a,2021-10-18T07:27:31.779219Z,,1977404580,-84,10.2,0,0,,,,,,,,,,,,,,,,
337,8,1,9,2,923600000,LORA,125,11,0,4/5,00800000a000151a,2021-10-18T07:27:36.772889Z,,1982413108,-89,9,0,0,00800000a0000a1c,2021-10-18T07:56:26.618142Z,,4049567124.0,-95.0,-11.5,0.0,0.0,,,,,,,,
338,8,1,9,3,923200000,LORA,125,11,0,4/5,00800000a000151a,2021-10-18T07:27:41.743628Z,,1987378332,-84,9.5,0,0,,,,,,,,,,,,,,,,
339,8,1,9,4,924600000,LORA,125,11,0,4/5,00800000a000151a,2021-10-18T07:27:46.729173Z,,1992358476,-78,10,0,0,00800000a0000a1c,2021-10-18T07:56:36.567781Z,,4059512516.0,-96.0,-13.5,0.0,0.0,00800000a0000ed1,2021-10-18T07:47:21.661537Z,,3081935772.0,-100.0,-14.0,0.0,0.0
340,8,1,9,5,924000000,LORA,125,11,0,4/5,00800000a000151a,2021-10-18T07:27:51.68834Z,,1997315204,-87,11.2,0,0,00800000a0000a1c,2021-10-18T07:56:41.523657Z,,4064469252.0,-96.0,-3.8,0.0,0.0,,,,,,,,
341,8,2,10,1,923200000,LORA,125,12,0,4/5,00800000a0000a1c,2021-10-18T07:59:27.323405Z,,4230254076,-95,-9.2,0,0,,,,,,,,,,,,,,,,
342,8,2,10,2,924000000,LORA,125,12,0,4/5,00800000a0000a1c,2021-10-18T07:59:34.784165Z,,4237710660,-94,-12.5,0,0,,,,,,,,,,,,,,,,
343,8,2,10,3,923200000,LORA,125,12,0,4/5,00800000a0000a1c,2021-10-18T07:59:42.322782Z,,4245257444,-99,-14.5,0,0,,,,,,,,,,,,,,,,
344,8,2,10,4,924000000,LORA,125,12,0,4/5,00800000a000151a,2021-10-18T07:30:59.830358Z,,2185442628,-82,8.5,0,0,,,,,,,,,,,,,,,,
345,8,2,10,5,923200000,LORA,125,12,0,4/5,00800000a0000a1c,2021-10-18T07:59:57.005831Z,,4259932836,-97,-11.2,0,0,,,,,,,,,,,,,,,,
346,8,2,7,1,924600000,LORA,125,9,0,4/5,00800000a000151a,2021-10-18T07:28:46.546974Z,,2052194532,-76,8,0,0,00800000a0000a1c,2021-10-18T07:57:36.411507Z,,4119348708.0,-96.0,-11.0,0.0,0.0,,,,,,,,
347,8,2,7,2,924000000,LORA,125,9,0,4/5,00800000a000151a,2021-10-18T07:28:49.636614Z,,2055275988,-84,10.5,0,0,00800000a0000a1c,2021-10-18T07:57:39.48341Z,,4122430172.0,-97.0,-10.8,0.0,0.0,,,,,,,,
348,8,2,7,3,923600000,LORA,125,9,0,4/5,00800000a000151a,2021-10-18T07:28:52.770849Z,,2058413788,-83,9,0,0,00800000a0000a1c,2021-10-18T07:57:42.61541Z,,4125567972.0,-97.0,-10.8,0.0,0.0,,,,,,,,
349,8,2,7,4,923200000,LORA,125,9,0,4/5,00800000a000151a,2021-10-18T07:28:55.938775Z,,2061580916,-78,11,0,0,00800000a0000a1c,2021-10-18T07:57:45.788155Z,,4128735108.0,-97.0,-6.2,0.0,0.0,,,,,,,,
350,8,2,7,5,923600000,LORA,125,9,0,4/5,00800000a000151a,2021-10-18T07:29:09.843971Z,,2075492604,-83,5.2,0,0,,,,,,,,,,,,,,,,
351,8,2,8,1,924000000,LORA,125,10,0,4/5,00800000a000151a,2021-10-18T07:29:20.964472Z,,2086601156,-85,9,0,0,00800000a0000a1c,2021-10-18T07:58:10.80934Z,,4153755404.0,-95.0,-14.8,0.0,0.0,,,,,,,,
352,8,2,8,2,924200000,LORA,125,10,0,4/5,00800000a000151a,2021-10-18T07:29:28.035031Z,,2093671844,-81,9.2,0,0,00800000a0000a1c,2021-10-18T07:58:17.875027Z,,4160826108.0,-95.0,-13.5,0.0,0.0,,,,,,,,
353,8,2,8,3,923400000,LORA,125,10,0,4/5,00800000a000151a,2021-10-18T07:29:36.037736Z,,2101672644,-91,8.2,0,0,00800000a0000a1c,2021-10-18T07:58:25.874786Z,,4168826932.0,-96.0,-11.5,0.0,0.0,,,,,,,,
354,8,2,8,4,924600000,LORA,125,10,0,4/5,00800000a000151a,2021-10-18T07:29:39.774792Z,,2105410372,-83,7.2,0,0,,,,,,,,,,,,,,,,
355,8,2,8,5,924600000,LORA,125,10,0,4/5,00800000a000151a,2021-10-18T07:29:50.648095Z,,2116284260,-87,6.2,0,0,,,,,,,,,,,,,,,,
356,8,2,9,1,923600000,LORA,125,11,0,4/5,00800000a000151a,2021-10-18T07:30:00.888643Z,,2126521548,-79,9.5,0,0,,,,,,,,,,,,,,,,
357,8,2,9,2,924400000,LORA,125,11,0,4/5,00800000a000151a,2021-10-18T07:30:08.737226Z,,2134365604,-97,9,0,0,,,,,,,,,,,,,,,,
358,8,2,9,3,923600000,LORA,125,11,0,4/5,00800000a000151a,2021-10-18T07:30:16.591974Z,,2142228948,-85,10.2,0,0,00800000a0000a1c,2021-10-18T07:59:06.44015Z,,4209383324.0,-95.0,-12.8,0.0,0.0,,,,,,,,
359,8,2,9,4,924600000,LORA,125,11,0,4/5,00800000a000151a,2021-10-18T07:30:21.561859Z,,2147200452,-86,8.2,0,0,,,,,,,,,,,,,,,,
360,8,2,9,5,923600000,LORA,125,11,0,4/5,00800000a0000a1c,2021-10-18T07:59:16.873049Z,,4219821412,-95,-13,0,0,,,,,,,,,,,,,,,,
361,9,1,10,1,924400000,LORA,125,12,0,4/5,00800000a000151a,2021-10-18T07:22:17.143211Z,,1662761908,-93,6.2,0,0,,,,,,,,,,,,,,,,
362,9,1,10,2,923400000,LORA,125,12,0,4/5,00800000a000151a,2021-10-18T07:22:24.639583Z,,1670257508,-93,7.5,0,0,00800000a0000a1c,2021-10-18T07:51:14.488889Z,,3737410828.0,-97.0,-9.8,0.0,0.0,,,,,,,,
363,9,1,10,3,923600000,LORA,125,12,0,4/5,00800000a0000a1c,2021-10-18T07:51:29.003394Z,,3751935420,-99,-14,0,0,,,,,,,,,,,,,,,,
364,9,1,10,4,924200000,LORA,125,12,0,4/5,00800000a000151a,2021-10-18T07:22:46.679647Z,,1692298172,-87,7,0,0,00800000a0000a1c,2021-10-18T07:51:36.518639Z,,3759451540.0,-91.0,-12.2,0.0,0.0,,,,,,,,
365,9,1,10,5,923200000,LORA,125,12,0,4/5,00800000a000151a,2021-10-18T07:22:57.687132Z,,1703302436,-84,11,0,0,,,,,,,,,,,,,,,,
366,9,1,7,1,924200000,LORA,125,9,0,4/5,00800000a000151a,2021-10-18T07:21:14.120676Z,,1599754204,-102,5.2,0,0,00800000a0000a1c,2021-10-18T07:50:03.951889Z,,3666907364.0,-89.0,-9.8,0.0,0.0,,,,,,,,
367,9,1,7,2,923800000,LORA,125,9,0,4/5,00800000a000151a,2021-10-18T07:21:17.206898Z,,1602848700,-90,10.5,0,0,00800000a0000a1c,2021-10-18T07:50:07.049883Z,,3670001868.0,-99.0,-7.0,0.0,0.0,,,,,,,,
368,9,1,7,3,923600000,LORA,125,9,0,4/5,00800000a000151a,2021-10-18T07:21:20.357457Z,,1605991676,-95,6,0,0,00800000a0000a1c,2021-10-18T07:50:10.195392Z,,3673144852.0,-94.0,-11.0,0.0,0.0,,,,,,,,
369,9,1,7,4,923200000,LORA,125,9,0,4/5,00800000a000151a,2021-10-18T07:21:23.433709Z,,1609068388,-96,10,0,0,00800000a0000a1c,2021-10-18T07:50:13.267466Z,,3676221572.0,-95.0,-7.5,0.0,0.0,,,,,,,,
370,9,1,7,5,924400000,LORA,125,9,0,4/5,00800000a000151a,2021-10-18T07:21:26.522204Z,,1612158748,-90,8.5,0,0,00800000a0000a1c,2021-10-18T07:50:16.358139Z,,3679311932.0,-94.0,-12.0,0.0,0.0,,,,,,,,
371,9,1,8,1,924000000,LORA,125,10,0,4/5,00800000a000151a,2021-10-18T07:21:30.108948Z,,1615747676,-97,9,0,0,00800000a0000a1c,2021-10-18T07:50:19.95601Z,,3682900876.0,-97.0,-9.0,0.0,0.0,,,,,,,,
372,9,1,8,2,923400000,LORA,125,10,0,4/5,00800000a000151a,2021-10-18T07:21:33.854766Z,,1619495884,-89,8.5,0,0,,,,,,,,,,,,,,,,
373,9,1,8,3,923200000,LORA,125,10,0,4/5,00800000a000151a,2021-10-18T07:21:37.56071Z,,1623195812,-90,9,0,0,,,,,,,,,,,,,,,,
374,9,1,8,4,924400000,LORA,125,10,0,4/5,00800000a000151a,2021-10-18T07:21:41.32146Z,,1626963508,-90,10,0,0,00800000a0000a1c,2021-10-18T07:50:31.168515Z,,3694116732.0,-95.0,-11.2,0.0,0.0,,,,,,,,
375,9,1,8,5,924000000,LORA,125,10,0,4/5,00800000a000151a,2021-10-18T07:21:45.058334Z,,1630696004,-84,9.5,0,0,,,,,,,,,,,,,,,,
376,9,1,9,1,923600000,LORA,125,11,0,4/5,00800000a000151a,2021-10-18T07:21:49.758078Z,,1635394532,-83,8.2,0,0,00800000a0000a1c,2021-10-18T07:50:39.6074Z,,3702547772.0,-95.0,-8.0,0.0,0.0,,,,,,,,
377,9,1,9,2,923200000,LORA,125,11,0,4/5,00800000a000151a,2021-10-18T07:21:54.740262Z,,1640373068,-89,10.2,0,0,00800000a0000a1c,2021-10-18T07:50:44.588013Z,,3707526324.0,-96.0,-8.0,0.0,0.0,,,,,,,,
378,9,1,9,3,924400000,LORA,125,11,0,4/5,00800000a000151a,2021-10-18T07:21:59.700759Z,,1645336284,-87,10.5,0,0,00800000a0000a1c,2021-10-18T07:50:49.553885Z,,3712489548.0,-95.0,-10.2,0.0,0.0,,,,,,,,
379,9,1,9,4,923800000,LORA,125,11,0,4/5,00800000a000151a,2021-10-18T07:22:04.725447Z,,1650361900,-84,11,0,0,00800000a0000a1c,2021-10-18T07:50:54.572644Z,,3717515180.0,-97.0,-4.8,0.0,0.0,,,,,,,,
380,9,1,9,5,924600000,LORA,125,11,0,4/5,00800000a0000a1c,2021-10-18T07:51:00.075734Z,,3723014876,-95,-16,0,0,,,,,,,,,,,,,,,,
381,9,2,10,1,923400000,LORA,125,12,0,4/5,00800000a0000a1c,2021-10-18T07:53:41.789392Z,,3884718948,-95,-5.5,0,0,,,,,,,,,,,,,,,,
382,9,2,10,2,924000000,LORA,125,12,0,4/5,00800000a000151a,2021-10-18T07:24:59.355838Z,,1824968988,-88,8,0,0,00800000a0000a1c,2021-10-18T07:53:49.189147Z,,3892122652.0,-93.0,-13.8,0.0,0.0,,,,,,,,
383,9,2,10,3,924400000,LORA,125,12,0,4/5,00800000a000151a,2021-10-18T07:25:10.274335Z,,1835888988,-85,8.5,0,0,,,,,,,,,,,,,,,,
384,9,2,10,4,923600000,LORA,125,12,0,4/5,00800000a0000a1c,2021-10-18T07:54:07.502395Z,,3910426124,-95,-11,0,0,,,,,,,,,,,,,,,,
385,9,2,10,5,924600000,LORA,125,12,0,4/5,00800000a000151a,2021-10-18T07:25:25.173713Z,,1850790468,-93,6.2,0,0,00800000a0000a1c,2021-10-18T07:54:15.009143Z,,3917944180.0,-90.0,-16.5,0.0,0.0,,,,,,,,
386,9,2,7,1,923200000,LORA,125,9,0,4/5,00800000a000151a,2021-10-18T07:23:05.286275Z,,1710931428,-107,6.5,0,0,,,,,,,,,,,,,,,,
387,9,2,7,2,923200000,LORA,125,9,0,4/5,00800000a000151a,2021-10-18T07:23:09.298647Z,,1714943132,-93,10.5,0,0,,,,,,,,,,,,,,,,
388,9,2,7,3,923800000,LORA,125,9,0,4/5,00800000a000151a,2021-10-18T07:23:14.742374Z,,1720387492,-97,4.5,0,0,,,,,,,,,,,,,,,,
389,9,2,7,4,924600000,LORA,125,9,0,4/5,00800000a000151a,2021-10-18T07:23:18.748207Z,,1724394588,-95,0,0,0,,,,,,,,,,,,,,,,
390,9,2,7,5,923200000,LORA,125,9,0,4/5,00800000a000151a,2021-10-18T07:23:26.701896Z,,1732336492,-101,7.2,0,0,,,,,,,,,,,,,,,,
391,9,2,8,1,924400000,LORA,125,10,0,4/5,00800000a000151a,2021-10-18T07:23:30.37069Z,,1736009444,-89,8.2,0,0,,,,,,,,,,,,,,,,
392,9,2,8,2,924600000,LORA,125,10,0,4/5,00800000a000151a,2021-10-18T07:23:41.746389Z,,1747391124,-93,0.5,0,0,,,,,,,,,,,,,,,,
393,9,2,8,3,924200000,LORA,125,10,0,4/5,00800000a000151a,2021-10-18T07:23:46.249211Z,,1751889620,-94,3.8,0,0,,,,,,,,,,,,,,,,
394,9,2,8,4,923200000,LORA,125,10,0,4/5,00800000a000151a,2021-10-18T07:23:55.042956Z,,1760686244,-85,9.8,0,0,00800000a0000a1c,2021-10-18T07:52:44.891441Z,,3827839756.0,-97.0,-12.5,0.0,0.0,,,,,,,,
395,9,2,8,5,924200000,LORA,125,10,0,4/5,00800000a000151a,2021-10-18T07:23:58.792452Z,,1764434148,-81,9.2,0,0,,,,,,,,,,,,,,,,
396,9,2,9,1,923600000,LORA,125,11,0,4/5,00800000a000151a,2021-10-18T07:24:06.012211Z,,1771645580,-83,9,0,0,00800000a0000a1c,2021-10-18T07:52:55.856146Z,,3838799124.0,-95.0,-12.5,0.0,0.0,,,,,,,,
397,9,2,9,2,924400000,LORA,125,11,0,4/5,00800000a0000a1c,2021-10-18T07:53:03.709891Z,,3846649284,-94,-11,0,0,,,,,,,,,,,,,,,,
398,9,2,9,3,924000000,LORA,125,11,0,4/5,00800000a000151a,2021-10-18T07:24:18.895585Z,,1784525148,-95,9,0,0,00800000a0000a1c,2021-10-18T07:53:08.731646Z,,3851678716.0,-93.0,-8.8,0.0,0.0,,,,,,,,
399,9,2,9,4,923400000,LORA,125,11,0,4/5,00800000a000151a,2021-10-18T07:24:23.90739Z,,1789541812,-87,10.8,0,0,00800000a0000a1c,2021-10-18T07:53:13.759384Z,,3856695396.0,-94.0,-7.5,0.0,0.0,,,,,,,,
400,9,2,9,5,924200000,LORA,125,11,0,4/5,00800000a000151a,2021-10-18T07:24:31.785329Z,,1797420164,-88,8.8,0,0,00800000a0000a1c,2021-10-18T07:53:21.627354Z,,3864573756.0,-95.0,-10.8,0.0,0.0,,,,,,,,
